Workbook

Sheet BÚSQUEDA
A2: BUSQUEDA 🔎 | B2: 545688
A4: ACTIVO FIJO | B4: {=IFERROR(_xlfn.XLOOKUP(TRIM(B2&""), TRIM(Monitores[ACTIVO FIJO]&""), Monitores[ACTIVO FIJO]),"")} -> 545688
A5: EQUIPO | B5: {=IFERROR(_xlfn.XLOOKUP(TRIM(B2&""), TRIM(Monitores[ACTIVO FIJO]&""), Monitores[EQUIPO]),"")} -> MONITOR DE SIGNOS VITALES
A6: MARCA | B6: {=IFERROR(_xlfn.XLOOKUP(TRIM(B2&""), TRIM(Monitores[ACTIVO FIJO]&""), Monitores[MARCA]),"")} -> EDAN
A7: MODELO | B7: {=IFERROR(_xlfn.XLOOKUP(TRIM(B2&""), TRIM(Monitores[ACTIVO FIJO]&""), Monitores[MODELO]),"")} -> M50
A8: SERIE | B8: {=IFERROR(_xlfn.XLOOKUP(TRIM(B2&""), TRIM(Monitores[ACTIVO FIJO]&""), Monitores[SERIE]),"")} -> 333123-M14102120037
A9: UBICACIÓN | B9: {=IFERROR(_xlfn.XLOOKUP(TRIM(B2&""), TRIM(Monitores[ACTIVO FIJO]&""), Monitores[SERVICIO]),"")} -> URGENCIAS

Sheet MONITORES
A1: ACTIVO FIJO | B1: EQUIPO | C1: MARCA | D1: MODELO | E1: SERIE | F1: SERVICIO
A2: 550514 | B2: MONITOR DE GASES | C2: DRAEGER | D2: VAMOS 2 | E2: ASAD-0021 | F2: BLOQUE QUIRÚRGICO
A3: 549358 | B3: MONITOR DE GASES | C3: DRAEGER | D3: SCIO | E3: ASHD-0001 | F3: BLOQUE QUIRÚRGICO
A4: 549360 | B4: MONITOR DE GASES | C4: DRAEGER | D4: SCIO | E4: ASFK-0085 | F4: BLOQUE QUIRÚRGICO | I4: BUSQUEDA | J4: 571126
A5: 569821 | B5: MONITOR DE GASES | C5: DRAEGER | D5: VAMOS | E5: ARXA-0026 | F5: BLOQUE QUIRÚRGICO
A6: 550483 | B6: MONITOR DE GASES | C6: DRAEGER | D6: VAMOS 2 | E6: ASAD-0022 | F6: BLOQUE QUIRÚRGICO | I6: ACTIVO FIJO | J6: =_xlfn.XLOOKUP(J4&"",Monitores[ACTIVO FIJO],Monitores[ACTIVO FIJO],TRUE) -> 571126
A7: 571126 | B7: MONITOR DE SIGNOS VITALES | C7: MINDAY | D7: uMEC 10 | E7: KN-45223120 | F7: HOSPITALIZACIÓN PEDIATRÍA (Ruta Dorada) | J7: =_xlfn.XLOOKUP(J4&"",Monitores[ACTIVO FIJO],Monitores[EQUIPO],TRUE) -> MONITOR DE SIGNOS VITALES
A8: 572718 | B8: SIISTEMA DE TELEVISION PARA MONITOREO DE PACIENTES | C8: PHILIPS | D8: EFFICIA CMS200 | E8: CN52101811 | F8: CUIDADO INTERMEDIO PEDIÁTRICO | J8: =_xlfn.XLOOKUP(J4&"",Monitores[ACTIVO FIJO],Monitores[MARCA],TRUE) -> MINDAY
A9: 545713 | B9: SIISTEMA DE TELEVISION PARA MONITOREO DE PACIENTES | C9: NIHON KOHDEN | D9: CNS 9601 | E9: 00741 | F9: CUIDADO INTERMEDIO ADULTO | J9: =_xlfn.XLOOKUP(J4&"",Monitores[ACTIVO FIJO],Monitores[MODELO],TRUE) -> uMEC 10
A10: 545718 | B10: SIISTEMA DE TELEVISION PARA MONITOREO DE PACIENTES | C10: NIHON KOHDEN | D10: CNS 9601 | E10: 00800 | F10: CUIDADO INTERMEDIO ADULTO | J10: =_xlfn.XLOOKUP(J4&"",Monitores[ACTIVO FIJO],Monitores[SERIE],TRUE) -> KN-45223120
A11: 545711 | B11: SIISTEMA DE TELEVISION PARA MONITOREO DE PACIENTES | C11: MINDRAY | D11: HIPERVISOR VI | E11: MXL3370766 | F11: CUIDADO INTENSIVO ADULTO | J11: =_xlfn.XLOOKUP(J4&"",Monitores[ACTIVO FIJO],Monitores[SERVICIO],TRUE) -> HOSPITALIZACIÓN PEDIATRÍA (Ruta Dorada)
A12: 545712 | B12: SIISTEMA DE TELEVISION PARA MONITOREO DE PACIENTES | C12: MINDRAY | D12: HIPERVISOR VI | E12: MXL3382XCC | F12: CUIDADO INTENSIVO ADULTO
A13: 547476 | B13: SIISTEMA DE TELEVISION PARA MONITOREO DE PACIENTES | C13: PHILIPS | D13: NO DEFINIDO | E13: 2UA3020MZ | F13: UNIDAD CRÍTICA OBSTÉTRICA
A14: 574122 | B14: SIISTEMA DE TELEVISION PARA MONITOREO DE PACIENTES | C14: MINDRAY | D14: CMS Benevision | E14: JB-97006131 | F14: UNIDAD CRÍTICA OBSTÉTRICA
A15: COMODATO 000900 | B15: MONITOR DE SIGNOS VITALES | C15: EDAN | D15: M50 | E15: 333123-M13A01810036 | F15: GASTROENTEROLOGÍA
A16: 549313 | B16: MONITOR DE SIGNOS VITALES | C16: EDAN | D16: M50 | E16: 33123-M15907420043-01 | F16: BLOQUE QUIRÚRGICO
A17: 545103 | B17: MONITOR DE SIGNOS VITALES | C17: MINDRAY | D17: MEC-1200 | E17: CC-32125139 | F17: BLOQUE QUIRÚRGICO
A18: 541627 | B18: MONITOR DE SIGNOS VITALES | C18: PENLON | D18: PM 8000 EXPRESS | E18: AA68C22551 | F18: BLOQUE QUIRÚRGICO
A19: 541211 | B19: MONITOR DE SIGNOS VITALES | C19: MINDRAY | D19: PM-9000 | E19: W-78101038 | F19: BLOQUE QUIRÚRGICO
A20: 541268 | B20: MONITOR DE SIGNOS VITALES | C20: MINDRAY | D20: PM-9000 | E20: W78101021 | F20: BLOQUE QUIRÚRGICO
A21: 545093 | B21: MONITOR DE SIGNOS VITALES | C21: MINDRAY | D21: MEC-1200 | E21: CC-32125137 | F21: BLOQUE QUIRÚRGICO
A22: 573303 | B22: MONITOR DE SIGNOS VITALES | C22: COMEN | D22: STAR 8000E | E22: E7200519036 | F22: CARDIOLOGÍA
A23: 545376 | B23: MONITOR DE SIGNOS VITALES | C23: EDAN | D23: M50 | E23: 333123-M13707020027-01 | F23: HOSPITALIZACIÓN GINECO-OBSTETRICIA
A24: 542143 | B24: MONITOR DE SIGNOS VITALES | C24: NIHON KOHDEN | D24: OPV-1500K | E24: 04056 | F24: HOSPITALIZACIÓN GINECO-OBSTETRICIA
A25: 545097 | B25: MONITOR DE SIGNOS VITALES | C25: MINDRAY | D25: MEC-1200 | E25: CC-32125152 | F25: HOSPITALIZACIÓN GINECO-OBSTETRICIA
A26: 545375 | B26: MONITOR DE SIGNOS VITALES | C26: EDAN | D26: M50 | E26: 333123-M13707020030-01 | F26: HOSPITALIZACIÓN GINECO-OBSTETRICIA
A27: 545695 | B27: MONITOR DE SIGNOS VITALES | C27: EDAN | D27: M50 | E27: 333123-M14102120051 | F27: HOSPITALIZACIÓN GINECO-OBSTETRICIA
A28: 545696 | B28: MONITOR DE SIGNOS VITALES | C28: EDAN | D28: M50 | E28: 333123-M14102120009 | F28: HOSPITALIZACIÓN GINECO-OBSTETRICIA
A29: 545094 | B29: MONITOR DE SIGNOS VITALES | C29: MINDRAY | D29: MEC-1200 | E29: CC-32125138 | F29: BLOQUE QUIRÚRGICO
A30: 545099 | B30: MONITOR DE SIGNOS VITALES | C30: MINDRAY | D30: MEC-1200 | E30: CC-32125144 | F30: BLOQUE QUIRÚRGICO
A31: 545100 | B31: MONITOR DE SIGNOS VITALES | C31: MINDRAY | D31: MEC-1200 | E31: CC-32125140 | F31: BLOQUE QUIRÚRGICO
A32: 545101 | B32: MONITOR DE SIGNOS VITALES | C32: MINDRAY | D32: MEC-1200 | E32: CC-32125141 | F32: BLOQUE QUIRÚRGICO
A33: 545104 | B33: MONITOR DE SIGNOS VITALES | C33: MINDRAY | D33: MEC-1200 | E33: CC-32125142 | F33: BLOQUE QUIRÚRGICO
A34: 545105 | B34: MONITOR DE SIGNOS VITALES | C34: MINDRAY | D34: MEC-1200 | E34: CC-32125147 | F34: BLOQUE QUIRÚRGICO
A35: 545106 | B35: MONITOR DE SIGNOS VITALES | C35: MINDRAY | D35: MEC-1200 | E35: CC-32125145 | F35: BLOQUE QUIRÚRGICO
A36: 549963 | B36: MONITOR DE SIGNOS VITALES | C36: EDAN | D36: IM8 | E36: 360001/M19910220036 | F36: HOSPITALIZACIÓN ADULTOS EXPANSIÓN
A37: 549962 | B37: MONITOR DE SIGNOS VITALES | C37: EDAN | D37: IM8 | E37: 360001/M19910220002 | F37: HOSPITALIZACIÓN ADULTOS EXPANSIÓN
A38: 540494 | B38: MONITOR DE SIGNOS VITALES | C38: MINDRAY | D38: PM 8000 EXPRESS | E38: AA-77101320 | F38: CUIDADO INTENSIVO NEONATAL
A39: 544587 | B39: MONITOR DE SIGNOS VITALES | C39: EDAN | D39: M8 | E39: 301204-K12100120009 | F39: CUIDADO INTENSIVO NEONATAL
A40: 544588 | B40: MONITOR DE SIGNOS VITALES | C40: EDAN | D40: M8 | E40: 301204-K12100120017 | F40: CUIDADO INTENSIVO NEONATAL
A41: 544591 | B41: MONITOR DE SIGNOS VITALES | C41: EDAN | D41: M8 | E41: 301204-K12100120014 | F41: CUIDADO INTENSIVO NEONATAL
A42: 544592 | B42: MONITOR DE SIGNOS VITALES | C42: EDAN | D42: M8 | E42: 301204-K12100120019 | F42: CUIDADO INTENSIVO NEONATAL
A43: 514989 | B43: MONITOR DE SIGNOS VITALES | C43: NIHON KOHDEN | D43: OPV-1500K | E43: 3926 | F43: HOSPITALIZACIÓN PEDIATRÍA
A44: 573301 | B44: MONITOR DE SIGNOS VITALES | C44: COMEN | D44: STAR 8000E | E44: E7200821072F | F44: HOSPITALIZACIÓN PEDIATRÍA
A45: 549985 | B45: MONITOR DE SIGNOS VITALES | C45: EDAN | D45: M50 | E45: 261246-M17911610039-01 | F45: HOSPITALIZACIÓN ADULTOS 5° PISO
A46: 549984 | B46: MONITOR DE SIGNOS VITALES | C46: EDAN | D46: M50 | E46: 261246-M17911610003-01 | F46: HOSPITALIZACIÓN ADULTOS 5° PISO
A47: 542150 | B47: MONITOR DE SIGNOS VITALES | C47: NIHON KOHDEN | D47: OPV-1500K | E47: 04057 | F47: HOSPITALIZACIÓN ADULTOS 5° PISO
A48: 545371 | B48: MONITOR DE SIGNOS VITALES | C48: EDAN | D48: M50 | E48: 333123-M13707020054-01 | F48: HOSPITALIZACIÓN ADULTOS 5° PISO
A49: 545697 | B49: MONITOR DE SIGNOS VITALES | C49: EDAN | D49: M50 | E49: 333123-M14102120001 | F49: HOSPITALIZACIÓN ADULTOS 5° PISO
A50: 545367 | B50: MONITOR DE SIGNOS VITALES | C50: EDAN | D50: M50 | E50: 333123-M13707020064-01 | F50: HOSPITALIZACIÓN ADULTOS 5° PISO
A51: 510693 540562 | B51: MONITOR DE SIGNOS VITALES | C51: CRITIKON | D51: 8715 | E51: K5413 | F51: HOSPITALIZACIÓN ADULTOS 5° PISO
A52: 540496 | B52: MONITOR DE SIGNOS VITALES | C52: MINDRAY | D52: PM 8000 EXPRESS | E52: AA-77101321 | F52: CUIDADO INTERMEDIO NEONATAL
A53: 540511 | B53: MONITOR DE SIGNOS VITALES | C53: MINDRAY | D53: PM 8000 EXPRESS | E53: AA-77101318 | F53: CUIDADO INTERMEDIO NEONATAL
A54: 542151 | B54: MONITOR DE SIGNOS VITALES | C54: NIHON KOHDEN | D54: OPV-1500K | E54: 04060 | F54: INVENTARIOS
A55: 540506 | B55: MONITOR DE SIGNOS VITALES | C55: MINDRAY | D55: PM 8000 EXPRESS | E55: AA-77101319 | F55: INVENTARIOS
A56: 545241 | B56: MONITOR DE SIGNOS VITALES | C56: NIHON KOHDEN | D56: OPV-1500K | E56: 3927 | F56: INVENTARIOS
A57: 545098 | B57: MONITOR DE SIGNOS VITALES | C57: MINDRAY | D57: MEC-1200 | E57: CC-32125149 | F57: BANCO DE SANGRE
A58: 545370 | B58: MONITOR DE SIGNOS VITALES | C58: EDAN | D58: M50 | E58: 333123-M13707020019-01 | F58: HOSPITALIZACIÓN ADULTOS 4° PISO
A59: 545372 | B59: MONITOR DE SIGNOS VITALES | C59: EDAN | D59: M50 | E59: 333123-M13707020049-01 | F59: HOSPITALIZACIÓN ADULTOS 4° PISO
A60: 541976 | B60: MONITOR DE SIGNOS VITALES | C60: MEDIANA | D60: LUCON M20 | E60: 109709050014 | F60: HOSPITALIZACIÓN ADULTOS 4° PISO
A61: 549983 | B61: MONITOR DE SIGNOS VITALES | C61: EDAN | D61: M50 | E61: 261246-M17911610017-01 | F61: HOSPITALIZACIÓN ADULTOS 4° PISO
A62: 573991 | B62: MONITOR DE SIGNOS VITALES | C62: EDAN | D62: IM8 | E62: 360001/M19910220009 | F62: HOSPITALIZACIÓN ADULTOS 4° PISO
A63: 541208 | B63: MONITOR DE SIGNOS VITALES | C63: WELCH ALLYN | D63: PROPAC CS 242 | E63: GA106852 | F63: HOSPITALIZACIÓN ADULTOS 4° PISO
A64: 573302 | B64: MONITOR DE SIGNOS VITALES | C64: COMEN | D64: STAR 8000E | E64: E7200821065F | F64: QUIMIOTERAPIA
A65: 549982 | B65: MONITOR DE SIGNOS VITALES | C65: EDAN | D65: M50 | E65: 261246-M17911610024-01 | F65: QUIMIOTERAPIA
A66: 544589 | B66: MONITOR DE SIGNOS VITALES | C66: EDAN | D66: M8 | E66: 301204-K12100120002 | F66: CUIDADO INTENSIVO NEONATAL
A67: 540843 | B67: MONITOR DE SIGNOS VITALES | C67: WELCH ALLYN | D67: ATLAS | E67: 62222046 | F67: URGENCIAS
A68: 545368 | B68: MONITOR DE SIGNOS VITALES | C68: EDAN | D68: M50 | E68: 333123-M13707020041-01 | F68: URGENCIAS
A69: 573304 | B69: MONITOR DE SIGNOS VITALES | C69: COMEN | D69: STAR 8000E | E69: E7200821063F | F69: URGENCIAS
A70: 540845 | B70: MONITOR DE SIGNOS VITALES | C70: GE MEDICAL | D70: PRO CARE 200 | E70: AAW062002546A | F70: URGENCIAS
A71: 541980 | B71: MONITOR DE SIGNOS VITALES | C71: MEDIANA | D71: LUCON M20 | E71: 109709050011 | F71: URGENCIAS
A72: 549887 | B72: MONITOR DE SIGNOS VITALES | C72: COMEN | D72: STAR 800H | E72: H7151128021G | F72: URGENCIAS
A73: 541978 | B73: MONITOR DE SIGNOS VITALES | C73: MEDIANA | D73: LUCON M20 | E73: 109709050001 | F73: URGENCIAS
A74: 545366 | B74: MONITOR DE SIGNOS VITALES | C74: EDAN | D74: M50 | E74: 333021-M13301830022-01 | F74: URGENCIAS
A75: 545634 | B75: MONITOR DE SIGNOS VITALES | C75: EDAN | D75: M50 | E75: 333123-M14102120006 | F75: URGENCIAS
A76: 545635 | B76: MONITOR DE SIGNOS VITALES | C76: EDAN | D76: M50 | E76: 333123-M14102120045 | F76: URGENCIAS
A77: 545688 | B77: MONITOR DE SIGNOS VITALES | C77: EDAN | D77: M50 | E77: 333123-M14102120037 | F77: URGENCIAS
A78: 573305 | B78: MONITOR DE SIGNOS VITALES | C78: COMEN | D78: STAR 8000E | E78: E7200519041 | F78: URGENCIAS
A79: 545095 | B79: MONITOR DE SIGNOS VITALES | C79: MINDRAY | D79: MEC-1200 | E79: CC-32125148 | F79: URGENCIAS
A80: 540863 | B80: MONITOR DE SIGNOS VITALES | C80: WELCH ALLYN | D80: PROPAQ LT | E80: KA 004843 | F80: URGENCIAS
A81: 545377 | B81: MONITOR DE SIGNOS VITALES | C81: EDAN | D81: M50 | E81: 333123-M13707020048-01 | F81: URGENCIAS
A82: 545102 | B82: MONITOR DE SIGNOS VITALES | C82: MINDRAY | D82: MEC-1200 | E82: CC-32125150 | F82: URGENCIAS
A83: 573990 | B83: MONITOR DE SIGNOS VITALES | C83: EDAN | D83: IM8 | E83: 360001/M19910220035 | F83: URGENCIAS PEDIATRÍA
A84: 549981 | B84: MONITOR DE SIGNOS VITALES | C84: EDAN | D84: M50 | E84: 261246-M17911610031-01 | F84: URGENCIAS PEDIATRÍA
A85: 545107 | B85: MONITOR DE SIGNOS VITALES | C85: MINDRAY | D85: MEC-1200 | E85: CC-32125146 | F85: BLOQUE QUIRÚRGICO
A86: 549314 | B86: MONITOR DE SIGNOS VITALES | C86: EDAN | D86: M50 | E86: 333123-M15907420056-01 | F86: BLOQUE QUIRÚRGICO
A87: 545378 | B87: MONITOR DE SIGNOS VITALES | C87: EDAN | D87: M50 | E87: 333123-M13707020014-01 | F87: HOSPITALIZACIÓN QUIRÚRGICAS
A88: 545689 | B88: MONITOR DE SIGNOS VITALES | C88: EDAN | D88: M50 | E88: 333123-M14102120029-01 | F88: HOSPITALIZACIÓN QUIRÚRGICAS
A89: 545690 | B89: MONITOR DE SIGNOS VITALES | C89: EDAN | D89: M50 | E89: 333123-M14102120047-01 | F89: HOSPITALIZACIÓN QUIRÚRGICAS
A90: 545692 | B90: MONITOR DE SIGNOS VITALES | C90: EDAN | D90: M50 | E90: 333123-M14102120024-01 | F90: HOSPITALIZACIÓN QUIRÚRGICAS
A91: 545096 | B91: MONITOR DE SIGNOS VITALES | C91: MINDRAY | D91: MEC-1200 | E91: CC-32125151 | F91: HOSPITALIZACIÓN QUIRÚRGICAS
A92: 545373 | B92: MONITOR DE SIGNOS VITALES | C92: EDAN | D92: M50 | E92: 333123-M13707020070-01 | F92: HOSPITALIZACIÓN QUIRÚRGICAS
A93: 545374 | B93: MONITOR DE SIGNOS VITALES | C93: EDAN | D93: M50 | E93: 333123-M13707020057-01 | F93: HOSPITALIZACIÓN QUIRÚRGICAS
A94: 545623 | B94: MONITOR MULTIPARÁMETROS | C94: EDAN | D94: M80 | E94: 332278-M14102020033-02 | F94: BLOQUE QUIRÚRGICO
A95: 549312 | B95: MONITOR MULTIPARÁMETROS | C95: MINDRAY | D95: BENEVIEW T5 | E95: CM-5C147325 | F95: BLOQUE QUIRÚRGICO
A96: 573321 | B96: MONITOR MULTIPARÁMETROS | C96: EDAN | D96: iM70 | E96: 360080-M20912910006 | F96: BLOQUE QUIRÚRGICO
A97: 573331 | B97: MONITOR MULTIPARÁMETROS | C97: EDAN | D97: iM70 | E97: 360080-M20709360006 | F97: BLOQUE QUIRÚRGICO
A98: 542002 | B98: MONITOR MULTIPARÁMETROS | C98: NIHON KOHDEN | D98: BSM-2301K | E98: 28624 | F98: BLOQUE QUIRÚRGICO
A99: 549311 | B99: MONITOR MULTIPARÁMETROS | C99: MINDRAY | D99: BENEVIEW T5 | E99: CM-5C147326 | F99: BLOQUE QUIRÚRGICO
A100: 572669 | B100: MONITOR MULTIPARÁMETROS | C100: EDAN | D100: IM70 | E100: 360080-M20912910023 | F100: BLOQUE QUIRÚRGICO
...

Sheet FORMATO
E1: EMPRESA SOCIAL DEL ESTADO HOSPITAL UNIVERSITARIO SAN JORGE DE PEREIRA | T1: CÓDIGO: GRF3MAN-FR35 VERSIÓN: 4.0 FECHA: 03-02-2025 PÁGINA: 1 DE 2
E3: LISTA DE CHEQUEO MANTENIMIENTO PREVENTIVO MONITORES DE SIGNOS VITALES, PULSOXIMETROS Y ELECTROCARDIOGRAFOS
B6: EQUIPO | E6: =BÚSQUEDA!B5 -> MONITOR DE SIGNOS VITALES | N6: MARCA | S6: =BÚSQUEDA!B6 -> EDAN
B7: MODELO | E7: =BÚSQUEDA!B7 -> M50 | N7: SERIE | S7: =BÚSQUEDA!B8 -> 333123-M14102120037
B8: ACTIVO FIJO | E8: =BÚSQUEDA!B4 -> 545688 | N8: UBICACIÓN | S8: =BÚSQUEDA!B9 -> URGENCIAS
B10: ACTIVIDADES REALIZADAS | T10: FECHA
T13: C | V13: NC | X13: NA
B14: INSPECCIÓN FÍSICA | E14: Asegúrese de que el equipo se enuentre limpio, sin humedad, sin objetos extraños y carcasa en buen estado.
E15: Verifique que los rotulos y etiquetas se encuentren en buen estado y legibles.
E16: Limpieza del equipo
B17: ALIMENTACIÓN | E17: Cable AC
E18: Enchufe/ receptáculo
E19: Contacto entre la toma de entrada del instrumento y el conector del cable de conexión
E20: Interruptores / Swiches
E21: Protecciones / Fusibles
E22: Estado y funcionamiento de la batería
B23: FUNCIONAMIENTO | E23: Autocomprobación de encendido
E24: Fecha y hora correctas
E25: Verificacion de estado de los modulos multiparametros CO, BIS, PICCO (Anclaje, pilotos, contactos y conectores)
E26: Estado y funcionamiento de ECG (Cable troncal, latiguillos)
E27: Estado y funcionamiento de GA
E28: Estado y funcionamiento de ICG
E29: Estado y funcionamiento de CO2
E30: Estado y funcionamiento de RM (Mecanica respiratoria)
E31: Estado y funcionamiento de NIBP (Manguera, brazalete, conectores, acoples y fugas)
E32: Estado y funcionamiento de SPO2 (Sensor y extensión)
E33: Calibracion de parametros desde el menu según corresponda
E34: Estado y funcionamiento de IBP (Cable)
E35: Estado y funcionamiento de la temperaura (Sensor )
E36: Funcionamiento de la impresora
B37: PANTALLA | E37: Estado de la pantalla y touch screen del equipo
E38: Calibracion de touchscreen
E39: Configuracion de brillo
E40: Configuración de control de visualización
B41: ALARMAS | E41: Indicadores luminosos
E42: Señales audibles
E44: EMPRESA SOCIAL DEL ESTADO HOSPITAL UNIVERSITARIO SAN JORGE DE PEREIRA | T44: CÓDIGO: GRF3MAN-FR35 VERSIÓN: 4.0 FECHA: 03-02-2025 PÁGINA: 2 DE 2
E46: LISTA DE CHEQUEO MANTENIMIENTO PREVENTIVO MONITORES DE SIGNOS VITALES, PULSOXIMETROS Y ELECTROCARDIOGRAFOS
B49: EQUIPO | E49: =BÚSQUEDA!B5 -> MONITOR DE SIGNOS VITALES | N49: MARCA | S49: =BÚSQUEDA!B6 -> EDAN
B50: MODELO | E50: =BÚSQUEDA!B7 -> M50 | N50: SERIE | S50: =BÚSQUEDA!B8 -> 333123-M14102120037
B51: ACTIVO FIJO | E51: =BÚSQUEDA!B4 -> 545688 | N51: UBICACIÓN | S51: =BÚSQUEDA!B9 -> URGENCIAS
B53: SEGURIDAD ELECTRICA | T53: VALOR | X53: NA
B54: Red eléctrica L1-L2
B55: Red eléctrica L1-gnd
B56: Red eléctrica L2-gnd
B57: Resistencia cable de poder EBP (≤ 0,2 Ω)
B58: Corriente de fuga a tierra Neutro abierto (≤ 1000 µA)
B59: Corriente de fuga a tierra Normal (≤ 500 µA)
B60: Corriente de Fuga a chasis EBP Normal (≤ 100 µA)
B61: Corriente de Fuga a chasis EBP Neutro abierto (≤ 500 µA)
B62: Corriente de Fuga a chasis EBP Tierra abierta (≤ 500 µA)
B64: OBSERVACIONES
B86: REALIZADO POR | N86: RECIBIDO POR
B91: TABLA DE CONVENCIONES
B92: C | D92: CUMPLE | J92: NC | L92: NO CUMPLE | R92: NA | T92: NO APLICA
