Workbook
Name CAUSA: GENERALIDADES!$B$2:$B$6
Name ESTADO: GENERALIDADES!$C$2:$C$3
Name PARADA: GENERALIDADES!$I$2:$I$3
Name RONDAS: GENERALIDADES!$E$2:$E$6
Name TIPO_REPORTE: GENERALIDADES!$A$2
Name TIPODEPARADA: GENERALIDADES!$J:$J

Sheet GENERALIDADES
A1: ORIGEN REPORTE | B1: CAUSA | C1: ESTADO | D1: OPORTUNIDAD (<3 DIAS HABILES) | E1: RONDAS | F1: UBICACION | G1: SERVICIO | H1: EQUIPOS | I1: PARADA | J1: TIPO DE PARADA | K1: PARADA DEL SERVICIO | L1: EQUIPO DE CONTINGENCIA | M1: EJECUTADO POR | N1: ESTADO GMA | O1: ESTADO DEL EQUIPO | P1: ACCESORIOS NUEVOS?
A2: GMA | B2: USO INADECUADO | C2: EN PROCESO | D2: 3 | E2: NO FUNCIONAL | F2: CONSULTORIO ODONTOLÓGICO | G2: ALMACÉN | H2: AUTOCLAVE | I2: SI | J2: TOTAL | K2: SI | L2: SI | M2: Victor Lopez | N2: 📑 SOLICITADO | O2: 🟢 FUNCIONAL | P2: SÍ
A3: RONDAS DE SEGURIDAD | B3: FALTA DE CONSUMIBLE | C3: CERRADO | E3: NO EXISTE | F3: CONSULTORIO MÉDICO | G3: BANCO DE SANGRE | H3: TENSIÓMETRO DE PARED | I3: NO | J3: N/A | K3: NO | L3: N/A | M3: Cristian Hurtado | N3: ⌛ PTE DE RESPUESTA | O3: 🟡 EN ESPERA DE REPUESTO | P3: NO
B4: INADECUADA CONFIGURACIÓN | C4: EN ESPERA DE REPUESTO | F4: ENFERMERÍA | G4: BLOQUE QUIRÚRGICO | H4: UNIDAD ODONTOLÓGICA | J4: PARCIAL | L4: NO | M4: Camilo Ramirez | N4: ❌ NO ACEPTADO | O4: 🔴 FUERA DE SERVICIO
B5: DESGASTE | C5: PENDIENTE COTIZAR | F5: OBSERVACION | G5: CARDIOLOGÍA | H5: REGULADOR DE OXÍGENO | M5: Tatiana Salazar | N5: ⚙ TRABAJANDO
B6: FALLA INTERNA | C6: PENDIENTE VISITA PROVEEDOR | F6: PROCEDIMIENTOS | G6: CENTRAL DE AIRE MEDICINAL | H6: OXIMETRO DE PULSO | M6: Leonardo Marín | N6: 📖 LEÍDO
B7: FACTOR EXTERNO | C7: PENDIENTE | F7: REANIMACION | G7: CENTRAL DE ESTERILIZACIÓN | H7: MONITOR DE SIGNOS VITALES | M7: David Ospina | N7: 🤝 CONFIRMADO
B8: ANTIGUEDAD DE CONSUMIBLE | C8: TRASLADADO | F8: CONSULTORIO 1 | G8: CONSULTA EXTERNA | H8: EQUIPO DE ÓRGANOS PORTATIL | N8: ⚠ PTE POR CONFIRMAR
B9: DEFECTOS DE FABRICA | F9: CONSULTORIO 2 | G9: HOSPITALIZACIÓN ADULTOS EXPANSIÓN 2° PISO | H9: EQUIPO DE ÓRGANOS DE PARED | N9: 🔄 TRANSFERIDO
B10: CONDICIONES DE INFRAESTRUCTURA | F10: CONSULTORIO 3 | G10: HOSPITALIZACIÓN ADULTOS EXPANSIÓN 3° PISO | H10: COMPRESOR
B11: PÉRDIDA | F11: CONSULTORIO 4 | G11: FARMACIA | H11: ESCARIFICADOR DENTAL ULTRASONICO
B12: USO EXCESIVO | F12: CONSULTORIO 5 | G12: GASTROENTEROLOGÍA | H12: BÁSCULA PEDIÁTRICA
B13: ANTIGUEDAD DEL EQUIPO | F13: CONSULTORIO 6 | G13: HOSPITALIZACIÓN GINECO-OBSTETRICIA | H13: BÁSCULA DE PISO
B14: FALTA DE MANTENIMIENTO | F14: CONSULTORIO 7 | G14: HOSPITALIZACIÓN PEDIATRÍA (Ruta Dorada) | H14: TENSIÓMETRO MANUAL
B15: TIEMPO DE VIDA ÚTIL | F15: CONSULTORIO 8 | G15: HEMODIÁLISIS | H15: GLUCÓMETRO
B16: DESCONOCIMIENTO DEL EQUIPO | F16: CONSULTORIO 9 | G16: HOSPITALIZACIÓN PEDIATRÍA | H16: BOMBA DE INFUSIÓN
B17: NO PRESENTA DAÑO | F17: CONSULTORIO 10 | G17: HOSPITALIZACIÓN ADULTO 5° PISO | H17: INCUBADORA
B18: DESAJUSTE | G18: IMÁGENES DIAGNÓSTICAS | H18: NEVERA
G19: CUIDADO INTERMEDIO ADULTO | H19: VACUTRON
G20: CUIDADO INTERMEDIO PEDIÁTRICO | H20: CAMA ELÉCTRICA
G21: INVENTARIOS | H21: FLUJÓMETRO
G22: LABORATORIO CLÍNICO | H22: PESA BEBÉ/BALANZA PEDIÁTRICA
G23: MANTENIMIENTO BIOMÉDICO | H23: FONENDOSCOPIO
G24: HOSPITALIZACIÓN ADULTO 4° PISO | H24: FRONTOLUZ
G25: ONCOLOGÍA | H25: LARINGOSCOPIO
G26: PATOLOGÍA | H26: BÁSCULA/PESA
G27: CUIDADO INTERMEDIO NEONATAL | H27: MESA DE CIRUGÍA
G28: PEDIATRÍA EXPANSIÓN | H28: ESPIRÓMETRO
G29: QUIMIOTERAPIA | H29: CALENTADOR DE GEL
G30: QUIRÓFANO | H30: MONITOR FETAL
... G40: LABORATORIO PATOLOGÍA | H40: DESFIBRILADOR
H41: ESTERILIZADOR / AUTOCLAVE
H42: TENSIÓMETRO DIGITAL
H43: INFUSOR
H44: CENTRAL DE MONITOREO
H45: ESTIMULADOR DE NERVIO PERIFÉRICO
H46: MICROSCOPIO
H47: BOMBA DE NUTRICIÓN
H48: CENTRÍFUGA
H49: LÁMPARA DE FOTOTERAPIA
H50: ASPIRADOR
H51: DOPPLER FETAL

Sheet MARZO
A1: No. REPORTE | B1: FECHA CREACIÓN DE SOLICITUD | C1: EQUIPO | D1: MARCA | E1: MODELO | F1: SERIE | G1: ACTIVO FIJO | H1: SERVICIO | I1: UBICACIÓN | J1: DESCRIPCIÓN DE DAÑO | K1: ACCIÓN REALIZADA | L1: EJECUTADO POR | M1: FECHA DE ATENCIÓN A LA SOLICITUD | N1: ESTADO EN GMA SOPORTE | O1: ESTADO DEL EQUIPO | P1: OPORTUNIDAD | Q1: FECHA DE CIERRE A LA SOLICITUD | R1: TIEMPO DE CIERRE A LA SOLICITUD | S1: PARADA DEL EQUIPO | T1: TIPO DE PARADA | U1: TIEMPO DE PARADA DEL EQUIPO | V1: PARADA DEL SERVICIO | W1: EQUIPO DE CONTINGENCIA | X1: TIEMPO DE PARA DEL SERVICIO | Y1: CAUSA | Z1: ACCESORIO NUEVO? | AA1: OBSERVACIONES | AB1: COMENTARIOS ADICIONALES | AC1: ESTADO | AD1: Tiempo de Oportunidad (horas) | AE1: Tiempo de Parada(dias) | AF1: Capacidad_Respuesta (<3_DIA)
A2: 25655 | B2: 46082 | C2: DOPPLER FETAL | D2: N/A | E2: N/A | F2: N/A | G2: N/A | H2: HOSPITALIZACIÓN GINECO-OBSTETRICIA | I2: Sala de Partos | J2: se solicita revisar doppler fetal de sala de partos, no carga, gracias | K2: Se realiza revisión del equipo y se encuentra en buenas condiciones funcionales, se verifica estado del cargador y de las baterías y se hacen pruebas funcionales, se retorna al servicio en buenas condiciones. | L2: Victor Lopez | M2: 46082 | N2: ⚠ PTE POR CONFIRMAR | O2: 🟢 FUNCIONAL | P2: =M2-B2 -> 0 | Q2: 46082 | R2: =IF(Q2-B2<0,NOW()-B2,Q2-B2) -> 0 | S2: NO | T2: N/A | U2: =IF(R2=GENERALIDADES!$I$1,#REF!,"0") -> 0 | V2: NO | W2: N/A | X2: =IF(U2=GENERALIDADES!$K$3,T2,"0") -> 0 | Y2: DESAJUSTE | Z2: NO | AC2: CERRADO | AD2: =M2-B2 -> 0 | AE2: =NETWORKDAYS(B2,Q2,) -> 0 | AF2: =IF(AND((NETWORKDAYS(B2,M2,)<=3),(NOT(ISBLANK(B2)))),TRUE(), FALSE()) -> TRUE
A3: 25659 | B3: 46082 | C3: BOMBA DE INFUSIÓN | D3: N/A | E3: N/A | F3: N/A | G3: N/A | H3: HOSPITALIZACIÓN PEDIATRÍA | J3: se solicita revision de bomba de infusion ubicada en el cuarto de equipos de expansion pediatria ,gracias | K3: Se revisa equipo y se encuentra en buenas condiciones funcionales, se realiza pruebas con test y se verifican configuraciones y alarmas. | L3: Victor Lopez | M3: 46082 | N3: ⚠ PTE POR CONFIRMAR | O3: 🟢 FUNCIONAL | P3: =M3-B3 -> 0 | Q3: 46082 | R3: =IF(Q3-B3<0,NOW()-B3,Q3-B3) -> 0 | S3: NO | T3: N/A | U3: =IF(R3=GENERALIDADES!$I$1,#REF!,"0") -> 0 | V3: NO | W3: N/A | X3: =IF(U3=GENERALIDADES!$K$3,T3,"0") -> 0 | Y3: NO PRESENTA DAÑO | Z3: NO | AC3: CERRADO | AD3: =M3-B3 -> 0 | AE3: =NETWORKDAYS(B3,Q3,) -> 0 | AF3: =IF(AND((NETWORKDAYS(B3,M3,)<=3),(NOT(ISBLANK(B3)))),TRUE(), FALSE()) -> TRUE
A4: 25660 | B4: 46082 | C4: CAMA ELÉCTRICA | D4: Stryker | E4: SV2 | F4: 15731020290033 | G4: 571768 | H4: HOSPITALIZACIÓN ADULTO 5° PISO | J4: buenas tardes. se solicita por favor revisar cama que se encuentra en el pasillo del quinto piso ya que no funciona el boton para bajar la parte inferior (pies). | K4: Se revisa cama y se encuentra en buenas condiciones funcionales, tenía bloqueo mecánico de los pies, se hacen recomendaciones de uso al personal asistencial. Equipo Ok. | L4: Victor Lopez | M4: 46083 | N4: ⚠ PTE POR CONFIRMAR | O4: 🟢 FUNCIONAL | P4: =M4-B4 -> 1 | Q4: 46083 | R4: =IF(Q4-B4<0,NOW()-B4,Q4-B4) -> 1 | S4: NO | T4: N/A | U4: =IF(R4=GENERALIDADES!$I$1,#REF!,"0") -> 0 | V4: NO | W4: N/A | X4: =IF(U4=GENERALIDADES!$K$3,T4,"0") -> 0 | Y4: DESCONOCIMIENTO DEL EQUIPO | Z4: NO | AC4: CERRADO | AD4: =M4-B4 -> 1 | AE4: =NETWORKDAYS(B4,Q4,) -> 1 | AF4: =IF(AND((NETWORKDAYS(B4,M4,)<=3),(NOT(ISBLANK(B4)))),TRUE(), FALSE()) -> TRUE
A5: 25661 | B5: 46082 | C5: FLUJÓMETRO | D5: N/A | E5: N/A | F5: N/A | G5: N/A | H5: HOSPITALIZACIÓN PEDIATRÍA | J5: buena tarde. se solicita revicion de flujometro que se encuentra en el cuarto de equipos. gracias | K5: Se revisa equipo y se encuentra en buenas condiciones funcionales, se verifica que no haya fugas. Equipo Ok. | L5: Victor Lopez | M5: 46082 | N5: ⚠ PTE POR CONFIRMAR | O5: 🟢 FUNCIONAL | P5: =M5-B5 -> 0 | Q5: 46082 | R5: =IF(Q5-B5<0,NOW()-B5,Q5-B5) -> 0 | S5: NO | T5: N/A | U5: =IF(R5=GENERALIDADES!$I$1,#REF!,"0") -> 0 | V5: NO | W5: N/A | X5: =IF(U5=GENERALIDADES!$K$3,T5,"0") -> 0 | Y5: NO PRESENTA DAÑO | Z5: NO | AC5: CERRADO | AD5: =M5-B5 -> 0 | AE5: =NETWORKDAYS(B5,Q5,) -> 0 | AF5: =IF(AND((NETWORKDAYS(B5,M5,)<=3),(NOT(ISBLANK(B5)))),TRUE(), FALSE()) -> TRUE
A6: 25663 | B6: 46082 | C6: MONITOR DE SIGNOS VITALES | D6: N/A | E6: N/A | F6: N/A | G6: N/A | H6: HOSPITALIZACIÓN ADULTO 5° PISO | J6: se solicita por favor revisar pulxovimetro de asignacion 2-3 de quinto piso gracias | K6: Solicitud repetida, repuestos solicitados | L6: Victor Lopez | M6: 46082 | N6: ⚠ PTE POR CONFIRMAR | O6: 🟢 FUNCIONAL | P6: =M6-B6 -> 0 | Q6: 46082 | R6: =IF(Q6-B6<0,NOW()-B6,Q6-B6) -> 0 | S6: NO | T6: N/A | U6: =IF(R6=GENERALIDADES!$I$1,#REF!,"0") -> 0 | V6: NO | W6: N | X6: =IF(U6=GENERALIDADES!$K$3,T6,"0") -> 0 | Y6: FALTA DE CONSUMIBLE | Z6: NO | AC6: CERRADO | AD6: =M6-B6 -> 0 | AE6: =NETWORKDAYS(B6,Q6,) -> 0 | AF6: =IF(AND((NETWORKDAYS(B6,M6,)<=3),(NOT(ISBLANK(B6)))),TRUE(), FALSE()) -> TRUE
A7: 25676 | B7: 46083 | C7: MONITOR DE SIGNOS VITALES | D7: Edan | E7: M50 | F7: 333123-M13707020019-01 | G7: 545370 | H7: HOSPITALIZACIÓN ADULTO 4° PISO | J7: buenos dias, se solicita el favor de arreglo o cambio te tensiometro de la estacion 3 de medicina interna. | K7: Solicitud repetida, repuestos solicitados | L7: Victor Lopez | M7: 46083 | N7: ⚠ PTE POR CONFIRMAR | O7: 🟢 FUNCIONAL | P7: =M7-B7 -> 0 | Q7: 46082 | R7: =IF(Q7-B7<0,NOW()-B7,Q7-B7) -> 31.649708 | S7: NO | T7: N/A | U7: =IF(R7=GENERALIDADES!$I$1,#REF!,"0") -> 0 | V7: NO | W7: N | X7: =IF(U7=GENERALIDADES!$K$3,T7,"0") -> 0 | Y7: FALTA DE CONSUMIBLE | Z7: NO | AC7: CERRADO | AD7: =M7-B7 -> 0 | AE7: =NETWORKDAYS(B7,Q7,) -> -1 | AF7: =IF(AND((NETWORKDAYS(B7,M7,)<=3),(NOT(ISBLANK(B7)))),TRUE(), FALSE()) -> TRUE
A8: 25677 | B8: 46083 | C8: MONITOR DE SIGNOS VITALES | D8: Edan | E8: M50 | F8: 333123-M13707020019-01 | G8: 545370 | H8: HOSPITALIZACIÓN ADULTO 4° PISO | J8: buenos dias, se solicita el favor de arreglo o cambio te saturador de la estacion 3 de medicina interna. | K8: Se revisa monitor y se encuentra daño en sensor de SPO2, no permite reparación, requiere cambio, se inicia proceso de adquisición del repuesto. | L8: Victor Lopez | M8: 46083 | N8: ⚙ TRABAJANDO | O8: 🟡 EN ESPERA DE REPUESTO | P8: =M8-B8 -> 0 | Q8: 46083 | R8: =IF(Q8-B8<0,NOW()-B8,Q8-B8) -> 0 | S8: NO | T8: N/A | U8: =IF(R8=GENERALIDADES!$I$1,#REF!,"0") -> 0 | V8: NO | W8: N/A | X8: =IF(U8=GENERALIDADES!$K$3,T8,"0") -> 0 | Y8: FALTA DE CONSUMIBLE | Z8: NO | AC8: PENDIENTE | AD8: =M8-B8 -> 0 | AE8: =NETWORKDAYS(B8,Q8,) -> 1 | AF8: =IF(AND((NETWORKDAYS(B8,M8,)<=3),(NOT(ISBLANK(B8)))),TRUE(), FALSE()) -> TRUE
A9: 25680 | B9: 46083 | C9: VENTILADOR MECÁNICO | D9: N/A | E9: N/A | F9: N/A | G9: N/A | H9: CUIDADO INTENSIVO NEONATAL | J9: tapa protectora de la valvula exhalatoria del ventilador #3 reventada | K9: Se revisa válvula y se encuentra daño en tapa, se procede a realizar el cambio de la tapa y se hacen pruebas funcionales. | L9: Victor Lopez | M9: 46083 | N9: ⚠ PTE POR CONFIRMAR | O9: 🟢 FUNCIONAL | P9: =M9-B9 -> 0 | Q9: 46083 | R9: =IF(Q9-B9<0,NOW()-B9,Q9-B9) -> 0 | S9: NO | T9: N/A | U9: =IF(R9=GENERALIDADES!$I$1,#REF!,"0") -> 0 | V9: NO | W9: N/A | X9: =IF(U9=GENERALIDADES!$K$3,T9,"0") -> 0 | Y9: DESGASTE | Z9: NO | AC9: CERRADO | AD9: =M9-B9 -> 0 | AE9: =NETWORKDAYS(B9,Q9,) -> 1 | AF9: =IF(AND((NETWORKDAYS(B9,M9,)<=3),(NOT(ISBLANK(B9)))),TRUE(), FALSE()) -> TRUE
A10: 25688 | B10: 46083 | C10: REGULADOR DE OXÍGENO | D10: N/A | E10: N/A | F10: N/A | G10: N/A | H10: QUIRÓFANO | J10: buenos dias por fvaor revisar aire de pared sala 3 gracias | K10: Se revisa equipo y se encuentra desajuste en manguera y conector de aire, se procede a realizar el ajuste correspondiente y se hacen pruebas funcionales. | L10: Camilo Ramirez | M10: 46083 | N10: ⚠ PTE POR CONFIRMAR | O10: 🟢 FUNCIONAL | P10: =M10-B10 -> 0 | Q10: 46083 | R10: =IF(Q10-B10<0,NOW()-B10,Q10-B10) -> 0 | S10: NO | T10: N/A | U10: =IF(R10=GENERALIDADES!$I$1,#REF!,"0") -> 0 | V10: NO | W10: N/A | X10: =IF(U10=GENERALIDADES!$K$3,T10,"0") -> 0 | Y10: DESAJUSTE | Z10: NO | AC10: CERRADO | AD10: =M10-B10 -> 0 | AE10: =NETWORKDAYS(B10,Q10,) -> 1 | AF10: =IF(AND((NETWORKDAYS(B10,M10,)<=3),(NOT(ISBLANK(B10)))),TRUE(), FALSE()) -> TRUE
A11: 25702 | B11: 46083 | C11: DESFIBRILADOR | D11: Nihon Kohden | E11: TEC-5631 | F11: 01738 | G11: 574600 | H11: CUIDADO INTENSIVO PEDIÁTRICO | J11: buena tarde se solicita favor de revisar desfibrilador de la uci pediatrica ya que se estaba usando en codigo y empezo a sonar por bateria a los pocos minutos de desconectarlo | K11: Se revisa equipo y se haecen pruebas funcionales, el equipo funciona normalmente pero requiere cambio de baterías por cumplimiento de tiempo de vida útil, se inicia proceso de adquisición de repuesto. | L11: Victor Lopez | M11: 46083 | N11: ⚙ TRABAJANDO | O11: 🟡 EN ESPERA DE REPUESTO | P11: =M11-B11 -> 0 | Q11: 46083 | R11: =IF(Q11-B11<0,NOW()-B11,Q11-B11) -> 0 | S11: NO | T11: N/A | U11: =IF(R11=GENERALIDADES!$I$1,#REF!,"0") -> 0 | V11: NO | W11: N/A | X11: =IF(U11=GENERALIDADES!$K$3,T11,"0") -> 0 | Y11: DESGASTE | Z11: NO | AC11: PENDIENTE | AD11: =M11-B11 -> 0 | AE11: =NETWORKDAYS(B11,Q11,) -> 1 | AF11: =IF(AND((NETWORKDAYS(B11,M11,)<=3),(NOT(ISBLANK(B11)))),TRUE(), FALSE()) -> TRUE
A12: 25713 | B12: 46083 | C12: INCUBADORA | D12: Bng Medical | E12: EcoLa 3000 | F12: A0210518248N | G12: 572798 | H12: CUIDADO INTENSIVO NEONATAL | J12: buena tarde se solicita reparar incubadora marca bng con activo fijo numero 572798 ubicada en el cubiculo 11 de uci neonatos ya que muestra falla el sensor de temperatura y no calienta , gracia spro su pronta colaboracion , | K12: Se revisa el equipo y se enceuntra módulo de sensor de piel desconectado en la base, se procede a realizar el ajuste del conector y se hacen pruebas funcionales, se entrega al servicio en buenas condiciones. | L12: Victor Lopez | M12: 46084 | N12: ⚠ PTE POR CONFIRMAR | O12: 🟢 FUNCIONAL | P12: =M12-B12 -> 1 | Q12: 46084 | R12: =IF(Q12-B12<0,NOW()-B12,Q12-B12) -> 1 | S12: NO | T12: N/A | U12: =IF(R12=GENERALIDADES!$I$1,#REF!,"0") -> 0 | V12: NO | W12: N/A | X12: =IF(U12=GENERALIDADES!$K$3,T12,"0") -> 0 | Y12: DESAJUSTE | Z12: NO | AC12: CERRADO | AD12: =M12-B12 -> 1 | AE12: =NETWORKDAYS(B12,Q12,) -> 2 | AF12: =IF(AND((NETWORKDAYS(B12,M12,)<=3),(NOT(ISBLANK(B12)))),TRUE(), FALSE()) -> TRUE
A13: 25719 | B13: 46084 | C13: NEVERA | D13: Harris | E13: HLT23U4BBA12 | F13: T016D66907TD | G13: 505204 | H13: BANCO DE SANGRE | J13: hola, buen dia, se solicita amablemente la revision de la nevera numero 2 ya que esta presenta subidas de temperatura, se necesita refrigerante | K13: Se revisa equipo y se realiza procedimiento de nivelación de refrigerante, se realizan pruebas funcionales, equipo Ok | L13: David Ospina | M13: 46084 | N13: ⚠ PTE POR CONFIRMAR | O13: 🟢 FUNCIONAL | P13: =M13-B13 -> 0 | Q13: 46084 | R13: =IF(Q13-B13<0,NOW()-B13,Q13-B13) -> 0 | U13: =IF(R13=GENERALIDADES!$I$1,#REF!,"0") -> 0 | X13: =IF(U13=GENERALIDADES!$K$3,T13,"0") -> 0 | AD13: =M13-B13 -> 0 | AE13: =NETWORKDAYS(B13,Q13,) -> 1 | AF13: =IF(AND((NETWORKDAYS(B13,M13,)<=3),(NOT(ISBLANK(B13)))),TRUE(), FALSE()) -> TRUE
A14: 25720 | B14: 46084 | C14: MONITOR DE SIGNOS VITALES | D14: Edan | E14: M50 | F14: 333123-M14102120051 | G14: 545695 | H14: HOSPITALIZACIÓN GINECO-OBSTETRICIA | J14: por favor revisar saturador del monitor de signos de estacion 2 ginecologia | K14: Se revisa equipo y se encuentra daño en conector del sensor al equipo, se procede a reparar el sensor y se realizan pruebas funcionales, se entrega al servicio en buenas condiciones. | L14: Victor Lopez | M14: 46084 | N14: ⚠ PTE POR CONFIRMAR | O14: 🟢 FUNCIONAL | P14: =M14-B14 -> 0 | Q14: 46084 | R14: =IF(Q14-B14<0,NOW()-B14,Q14-B14) -> 0 | S14: NO | T14: N/A | U14: =IF(R14=GENERALIDADES!$I$1,#REF!,"0") -> 0 | V14: NO | W14: N/A | X14: =IF(U14=GENERALIDADES!$K$3,T14,"0") -> 0 | Y14: DESAJUSTE | Z14: NO | AC14: CERRADO | AD14: =M14-B14 -> 0 | AE14: =NETWORKDAYS(B14,Q14,) -> 1 | AF14: =IF(AND((NETWORKDAYS(B14,M14,)<=3),(NOT(ISBLANK(B14)))),TRUE(), FALSE()) -> TRUE
A15: 25721 | B15: 46084 | C15: CAMA ELÉCTRICA | D15: Dometal | E15: QUAXAR 131-70 | F15: 3706A45 | G15: 544643 | H15: HOSPITALIZACIÓN ADULTO 5° PISO | J15: cama paciente que no funciona los controles | K15: Se revisa equipo y se detecta daño en el control de mando del mismo, no permite reparación, por tal motivo se inicia proceso de adquisición de repuesto, a la espera de llegada e instalación. Soporte duplicado, repuesto solicitado. | L15: Victor Lopez | M15: 46084 | N15: ⚠ PTE POR CONFIRMAR | O15: 🟡 EN ESPERA DE REPUESTO | P15: =M15-B15 -> 0 | Q15: 46084 | R15: =IF(Q15-B15<0,NOW()-B15,Q15-B15) -> 0 | S15: NO | T15: N/A | U15: =IF(R15=GENERALIDADES!$I$1,#REF!,"0") -> 0 | V15: NO | W15: N/A | X15: =IF(U15=GENERALIDADES!$K$3,T15,"0") -> 0 | Y15: FALLA INTERNA | Z15: NO | AC15: PENDIENTE | AD15: =M15-B15 -> 0 | AE15: =NETWORKDAYS(B15,Q15,) -> 1 | AF15: =IF(AND((NETWORKDAYS(B15,M15,)<=3),(NOT(ISBLANK(B15)))),TRUE(), FALSE()) -> TRUE
A16: 25723 | B16: 46084 | C16: TENSIÓMETRO MANUAL | D16: Alpk2 | E16: NO DEFINIDO | F16: 136266 | G16: 548574 | H16: CONSULTA EXTERNA | J16: buenos días para solicitar revisar tensiómetro del consultorio 10, gracias quedo atenta. | K16: Se revisa el equipo y se encuentra pera en mal estado, se procede a reparar y se realizan pruebas funcionales, se entrega al servicio en buenas condiciones. | L16: Victor Lopez | M16: 46087 | N16: ⚠ PTE POR CONFIRMAR | O16: 🟢 FUNCIONAL | P16: =M16-B16 -> 3 | Q16: 46087 | R16: =IF(Q16-B16<0,NOW()-B16,Q16-B16) -> 3 | S16: NO | T16: N/A | U16: =IF(R16=GENERALIDADES!$I$1,#REF!,"0") -> 0 | V16: NO | W16: N/A | X16: =IF(U16=GENERALIDADES!$K$3,T16,"0") -> 0 | Y16: DESAJUSTE | Z16: NO | AC16: CERRADO | AD16: =M16-B16 -> 3 | AE16: =NETWORKDAYS(B16,Q16,) -> 4 | AF16: =IF(AND((NETWORKDAYS(B16,M16,)<=3),(NOT(ISBLANK(B16)))),TRUE(), FALSE()) -> FALSE
A17: 25724 | B17: 46084 | C17: MONITOR DE SIGNOS VITALES | D17: Edan | E17: IM70 | F17: 360080-M17C02250007 | G17: 550042 | H17: HOSPITALIZACIÓN GINECO-OBSTETRICIA | I17: Sala de Partos | J17: s se solicita revisar monito de signos vitales en sala de partos, no toma tension arterial, activo fijo #550042 | K17: Se revisa monitor y se encuentra daño en brazalete, se realiza cambio y se entrega uno nuevo al servicio, se realizan pruebas funcionales y se entrega al servicio el equipo en buenas condiciones. | L17: Victor Lopez | M17: 46084 | N17: ⚠ PTE POR CONFIRMAR | O17: 🟢 FUNCIONAL | P17: =M17-B17 -> 0 | Q17: 46084 | R17: =IF(Q17-B17<0,NOW()-B17,Q17-B17) -> 0 | S17: NO | T17: N/A | U17: =IF(R17=GENERALIDADES!$I$1,#REF!,"0") -> 0 | V17: NO | W17: N/A | X17: =IF(U17=GENERALIDADES!$K$3,T17,"0") -> 0 | Y17: FALLA INTERNA | Z17: SÍ | AA17: Se entrega brazalete nuevo adulto 1 vía | AC17: CERRADO | AD17: =M17-B17 -> 0 | AE17: =NETWORKDAYS(B17,Q17,) -> 1 | AF17: =IF(AND((NETWORKDAYS(B17,M17,)<=3),(NOT(ISBLANK(B17)))),TRUE(), FALSE()) -> TRUE
A18: 25727 | B18: 46084 | C18: MONITOR DE SIGNOS VITALES | D18: Edan | E18: M50 | F18: 333123-M14102120047-01 | G18: 545690 | H18: HOSPITALIZACIÓN QUIRÚRGICAS | J18: se solicita el favor de revisar oximetro del monitor de signos de la estacion #1 de quirurgicas, s ele revento el resorte de pinza, por lo que se encuentra sujeto con micropore, si funciona y censa la pulsioximetria. | K18: Se revisa el equipo y se encuentra daño en sensor de SPO2, se procede a reparar y se hacen pruebas funcionales, se retorna al servicio en buenas condiciones. | L18: Victor Lopez | M18: 46085 | N18: ⚠ PTE POR CONFIRMAR | O18: 🟢 FUNCIONAL | P18: =M18-B18 -> 1 | Q18: 46085 | R18: =IF(Q18-B18<0,NOW()-B18,Q18-B18) -> 1 | S18: NO | T18: N/A | U18: =IF(R18=GENERALIDADES!$I$1,#REF!,"0") -> 0 | V18: NO | W18: N/A | X18: =IF(U18=GENERALIDADES!$K$3,T18,"0") -> 0 | Y18: DESAJUSTE | Z18: NO | AC18: CERRADO | AD18: =M18-B18 -> 1 | AE18: =NETWORKDAYS(B18,Q18,) -> 2 | AF18: =IF(AND((NETWORKDAYS(B18,M18,)<=3),(NOT(ISBLANK(B18)))),TRUE(), FALSE()) -> TRUE
A19: 25732 | B19: 46084 | C19: MONITOR DE SIGNOS VITALES | D19: Mindray | E19: BENEVIEW T5 | F19: CM-3B134854 | G19: 545474 | H19: CUIDADO INTENSIVO ADULTO | J19: cubiculo 221 de uci adultos estacion 2, con termometro y saturador dañados. se deja termometro en cajon de estacion y saturador de oxigeno en cubiculo | K19: Se revisa el equipo y se encuentra daño en sensor de temperatura, se inicia proceso de adquisición, pendiente de entrega. 12/03/2026 se entrega sensor de temperatura nuevo al servicio y se hacen pruebas funcionales. Equipo Ok. | L19: Victor Lopez | M19: 46084 | N19: ⚠ PTE POR CONFIRMAR | O19: 🟢 FUNCIONAL | P19: =M19-B19 -> 0 | Q19: 46085 | R19: =IF(Q19-B19<0,NOW()-B19,Q19-B19) -> 1 | S19: NO | T19: N/A | U19: =IF(R19=GENERALIDADES!$I$1,#REF!,"0") -> 0 | V19: NO | W19: N/A | X19: =IF(U19=GENERALIDADES!$K$3,T19,"0") -> 0 | Y19: FALTA DE CONSUMIBLE | Z19: SÍ | AA19: Se entrega sensor de temperatura nuevo al servicio | AC19: CERRADO | AD19: =M19-B19 -> 0 | AE19: =NETWORKDAYS(B19,Q19,) -> 2 | AF19: =IF(AND((NETWORKDAYS(B19,M19,)<=3),(NOT(ISBLANK(B19)))),TRUE(), FALSE()) -> TRUE
A20: 25738 | B20: 46084 | C20: MONITOR DE SIGNOS VITALES | D20: N/A | E20: N/A | F20: N/A | G20: N/A | H20: QUIRÓFANO | J20: buenos dias por favor revisar sensor de oximetria monitor edan sala 4 gracias | K20: Se revisa equipo y se encuentra daño en conector del sensor al equipo, se procede a reparar el sensor y se realizan pruebas funcionales, se entrega al servicio en buenas condiciones. | L20: Victor Lopez | M20: 46084 | N20: ⚠ PTE POR CONFIRMAR | O20: 🟢 FUNCIONAL | P20: =M20-B20 -> 0 | Q20: 46084 | R20: =IF(Q20-B20<0,NOW()-B20,Q20-B20) -> 0 | S20: NO | T20: N/A | U20: =IF(R20=GENERALIDADES!$I$1,#REF!,"0") -> 0 | V20: NO | W20: N/A | X20: =IF(U20=GENERALIDADES!$K$3,T20,"0") -> 0 | Y20: DESAJUSTE | Z20: NO | AC20: CERRADO | AD20: =M20-B20 -> 0 | AE20: =NETWORKDAYS(B20,Q20,) -> 1 | AF20: =IF(AND((NETWORKDAYS(B20,M20,)<=3),(NOT(ISBLANK(B20)))),TRUE(), FALSE()) -> TRUE
A21: 25745 | B21: 46084 | C21: DESFIBRILADOR | D21: Comen | E21: S5 | F21: S5230703024 | G21: 572076 | H21: CUIDADO INTENSIVO ADULTO | J21: por favor revisar urgente carro de paro de la uci que presenta fallas en la realizacion de la prueba en el paso de la fuente de energia | K21: Se revisa equipo y se encuentra daño en palas de descarga, se procede a solicitar y se inicia proceso de adquisición. equipo fuera de servicio en taller de mantenimiento biomédico hasta entrega de repuesto. | L21: Camilo Ramirez | M21: 46090 | N21: ⚙ TRABAJANDO | O21: 🔴 FUERA DE SERVICIO | P21: =M21-B21 -> 6 | R21: =IF(Q21-B21<0,NOW()-B21,Q21-B21) -> 30.649708 | S21: SI | T21: PARCIAL | U21: =IF(R21=GENERALIDADES!$I$1,#REF!,"0") -> 0 | V21: NO | W21: N/A | X21: =IF(U21=GENERALIDADES!$K$3,T21,"0") -> 0 | Y21: FALLA INTERNA | Z21: NO | AC21: PENDIENTE COTIZAR | AD21: =M21-B21 -> 6 | AE21: =NETWORKDAYS(B21,Q21,) -> -32917 | AF21: =IF(AND((NETWORKDAYS(B21,M21,)<=3),(NOT(ISBLANK(B21)))),TRUE(), FALSE()) -> FALSE
A22: 25746 | B22: 46084 | C22: OTROS EQUIPOS BIOMÉDICOS | D22: N/A | E22: N/A | F22: N/A | G22: N/A | H22: BANCO DE SANGRE | J22: hola, buen dia, se solicita amablemente la colaboracion para cambiar y/o ajustar la posicion del agitador del plaquetas ya que se encuentra donde no corresponde. | K22: se realiza traslado del equipo a nuevo puesto y se hacen pruebas funcionales. Equipo Ok. | L22: Victor Lopez | M22: 46084 | N22: ⚠ PTE POR CONFIRMAR | O22: 🟢 FUNCIONAL | P22: =M22-B22 -> 0 | Q22: 46084 | R22: =IF(Q22-B22<0,NOW()-B22,Q22-B22) -> 0 | S22: NO | T22: N/A | U22: =IF(R22=GENERALIDADES!$I$1,#REF!,"0") -> 0 | V22: NO | W22: N/A | X22: =IF(U22=GENERALIDADES!$K$3,T22,"0") -> 0 | Y22: NO PRESENTA DAÑO | Z22: NO | AC22: CERRADO | AD22: =M22-B22 -> 0 | AE22: =NETWORKDAYS(B22,Q22,) -> 1 | AF22: =IF(AND((NETWORKDAYS(B22,M22,)<=3),(NOT(ISBLANK(B22)))),TRUE(), FALSE()) -> TRUE
A23: 25756 | B23: 46085 | C23: MONITOR DE SIGNOS VITALES | D23: Comen | E23: C80 | F23: K8231030005 | G23: 572055 | H23: URGENCIAS ADULTOS | I23: Reanimación | J23: se solicita el arreglo del brasalete del monitor de reanimacion que al insuflar se le siente fuga y no toma la presion. | K23: Se revisa el equipo y se encuentra fuga en brazalete, no permite reparación, se procede a realizar el cambio del brazalete y se entrega uno nuevo al servicio, se realizan pruebas funcionales, equipo ok. | L23: Victor Lopez | M23: 46085 | N23: ⚠ PTE POR CONFIRMAR | O23: 🟢 FUNCIONAL | P23: =M23-B23 -> 0 | Q23: 46085 | R23: =IF(Q23-B23<0,NOW()-B23,Q23-B23) -> 0 | S23: NO | T23: N/A | U23: =IF(R23=GENERALIDADES!$I$1,#REF!,"0") -> 0 | V23: NO | W23: N/A | X23: =IF(U23=GENERALIDADES!$K$3,T23,"0") -> 0 | Y23: DESGASTE | Z23: SÍ | AA23: Se entrega brazalete 1 vía adulto nuevo al servicio | AC23: CERRADO | AD23: =M23-B23 -> 0 | AE23: =NETWORKDAYS(B23,Q23,) -> 1 | AF23: =IF(AND((NETWORKDAYS(B23,M23,)<=3),(NOT(ISBLANK(B23)))),TRUE(), FALSE()) -> TRUE
A24: 25768 | B24: 46085 | C24: MONITOR DE SIGNOS VITALES | D24: Edan | E24: iM70 | F24: 360080-M20909270001 | G24: 573325 | H24: URGENCIAS ADULTOS | I24: Consultorio | J24: buen dia. por favor revisar saturador de o2 de monitor de signos vitales de consultorio de urgencias adultos, por favor urgente . muchas gracias. | K24: Se revisa el equipo y se encuentra daño en sensor de SPO2, se procede a reparar y se hacen pruebas funcionales, se retorna al servicio en buenas condiciones. | L24: Victor Lopez | M24: 46085 | N24: ⚠ PTE POR CONFIRMAR | O24: 🟢 FUNCIONAL | P24: =M24-B24 -> 0 | Q24: 46085 | R24: =IF(Q24-B24<0,NOW()-B24,Q24-B24) -> 0 | S24: NO | T24: N/A | U24: =IF(R24=GENERALIDADES!$I$1,#REF!,"0") -> 0 | V24: NO | W24: N/A | X24: =IF(U24=GENERALIDADES!$K$3,T24,"0") -> 0 | Y24: DESAJUSTE | Z24: NO | AC24: CERRADO | AD24: =M24-B24 -> 0 | AE24: =NETWORKDAYS(B24,Q24,) -> 1 | AF24: =IF(AND((NETWORKDAYS(B24,M24,)<=3),(NOT(ISBLANK(B24)))),TRUE(), FALSE()) -> TRUE
A25: 25770 | B25: 46085 | C25: CAMA ELÉCTRICA | D25: Los Pinos | E25: 1060 BC | F25: 502387 | G25: 545501 | H25: CUIDADO INTENSIVO ADULTO | J25: se solicita amablemente de manera prioritaria servicio de mantenimiento para cama ubicada en cubiculo ·# 27 de uci adulto ya que no enciende | K25: se revisa cama y se encuentra daño en paneles laterales, se inicia proceso de reparación, requiere reconstrucción de conexiones electrónicas internas del panel y revisión del módulo principal. en taller de mantenimiento biomédico a la espera de reparación. | L25: Victor Lopez | M25: 46085 | N25: ⚙ TRABAJANDO | O25: 🔴 FUERA DE SERVICIO | P25: =M25-B25 -> 0 | Q25: 46085 | R25: =IF(Q25-B25<0,NOW()-B25,Q25-B25) -> 0 | S25: NO | T25: N/A | U25: =IF(R25=GENERALIDADES!$I$1,#REF!,"0") -> 0 | V25: NO | W25: N/A | X25: =IF(U25=GENERALIDADES!$K$3,T25,"0") -> 0 | Y25: DESAJUSTE | Z25: NO | AC25: PENDIENTE | AD25: =M25-B25 -> 0 | AE25: =NETWORKDAYS(B25,Q25,) -> 1 | AF25: =IF(AND((NETWORKDAYS(B25,M25,)<=3),(NOT(ISBLANK(B25)))),TRUE(), FALSE()) -> TRUE
A26: 25783 | B26: 46085 | C26: VENTILADOR MECÁNICO | D26: N/A | E26: N/A | F26: N/A | G26: N/A | H26: CUIDADO INTENSIVO PEDIÁTRICO | J26: valvula draguer con mal funcionamiento( marca fuga) | K26: Se revisa válvula y se encuentra fuga en vaso de trampa de agua, se procede a realizar el cambio de la trampa y se hacen pruebas funcionales, equipo ok. | L26: Victor Lopez | M26: 46085 | N26: ⚠ PTE POR CONFIRMAR | O26: 🟢 FUNCIONAL | P26: =M26-B26 -> 0 | Q26: 46085 | R26: =IF(Q26-B26<0,NOW()-B26,Q26-B26) -> 0 | S26: NO | T26: N/A | U26: =IF(R26=GENERALIDADES!$I$1,#REF!,"0") -> 0 | V26: NO | W26: N/A | X26: =IF(U26=GENERALIDADES!$K$3,T26,"0") -> 0 | Y26: DESAJUSTE | Z26: NO | AC26: CERRADO | AD26: =M26-B26 -> 0 | AE26: =NETWORKDAYS(B26,Q26,) -> 1 | AF26: =IF(AND((NETWORKDAYS(B26,M26,)<=3),(NOT(ISBLANK(B26)))),TRUE(), FALSE()) -> TRUE
A27: 25785 | B27: 46085 | C27: VENTILADOR MECÁNICO | D27: Mindray | E27: SV-300 | F27: GR-98010197 | G27: 574284 | H27: URGENCIAS ADULTOS | I27: Reanimación | J27: pántalla de ventilador # 2 mindray bloqueado en sala de reanimacion urgencias adulto. de carácter urgente. | K27: Se revisa el equipo y se encuentra bloqueo en pantalla, se procede a desbloquear y se realizan pruebas funcionales, se entrega al servicio en buenas condiciones. | L27: Victor Lopez | M27: 46085 | N27: ⚠ PTE POR CONFIRMAR | O27: 🟢 FUNCIONAL | P27: =M27-B27 -> 0 | Q27: 46085 | R27: =IF(Q27-B27<0,NOW()-B27,Q27-B27) -> 0 | S27: NO | T27: N/A | U27: =IF(R27=GENERALIDADES!$I$1,#REF!,"0") -> 0 | V27: NO | W27: N/A | X27: =IF(U27=GENERALIDADES!$K$3,T27,"0") -> 0 | Y27: USO INADECUADO | Z27: NO | AC27: CERRADO | AD27: =M27-B27 -> 0 | AE27: =NETWORKDAYS(B27,Q27,) -> 1 | AF27: =IF(AND((NETWORKDAYS(B27,M27,)<=3),(NOT(ISBLANK(B27)))),TRUE(), FALSE()) -> TRUE
A28: 25789 | B28: 46085 | C28: FLUJÓMETRO | D28: N/A | E28: N/A | F28: N/A | G28: N/A | H28: QUIRÓFANO | J28: buenas tardes, se realiza soporte de flujometro descalibrado | K28: Se revisa equipo y se encuentra dentro de los parámetros normales de funcionamiento, se realiza chequeo de fugas, equipo ok. | L28: Victor Lopez | M28: 46085 | N28: ⚠ PTE POR CONFIRMAR | O28: 🟢 FUNCIONAL | P28: =M28-B28 -> 0 | Q28: 46085 | R28: =IF(Q28-B28<0,NOW()-B28,Q28-B28) -> 0 | S28: NO | T28: N/A | U28: =IF(R28=GENERALIDADES!$I$1,#REF!,"0") -> 0 | V28: NO | W28: N/A | X28: =IF(U28=GENERALIDADES!$K$3,T28,"0") -> 0 | Y28: NO PRESENTA DAÑO | Z28: NO | AC28: CERRADO | AD28: =M28-B28 -> 0 | AE28: =NETWORKDAYS(B28,Q28,) -> 1 | AF28: =IF(AND((NETWORKDAYS(B28,M28,)<=3),(NOT(ISBLANK(B28)))),TRUE(), FALSE()) -> TRUE
A29: 25795 | B29: 46085 | C29: MONITOR DE SIGNOS VITALES | D29: Edan | E29: M50 | F29: 333123-M14102120024-01 | G29: 545692 | H29: HOSPITALIZACIÓN QUIRÚRGICAS | J29: buenas tardes favor revisar el oximetro del monitor af545692 | K29: Se revisa el equipo y se encuentra daño en sensor de SPO2, no permite reparación, se procede a realizar cambio de sensor, se realizan pruebas funcionales y se entrega al servicio en buenas condiciones. | L29: Victor Lopez | M29: 46085 | N29: ⚠ PTE POR CONFIRMAR | O29: 🟢 FUNCIONAL | P29: =M29-B29 -> 0 | Q29: 46085 | R29: =IF(Q29-B29<0,NOW()-B29,Q29-B29) -> 0 | S29: NO | T29: N/A | U29: =IF(R29=GENERALIDADES!$I$1,#REF!,"0") -> 0 | V29: NO | W29: N/A | X29: =IF(U29=GENERALIDADES!$K$3,T29,"0") -> 0 | Y29: FALLA INTERNA | Z29: SÍ | AA29: Se entrega sensor de SPO2 nuevo al servicio SN:FD202510280920413 | AC29: CERRADO | AD29: =M29-B29 -> 0 | AE29: =NETWORKDAYS(B29,Q29,) -> 1 | AF29: =IF(AND((NETWORKDAYS(B29,M29,)<=3),(NOT(ISBLANK(B29)))),TRUE(), FALSE()) -> TRUE
A30: 25800 | B30: 46086 | C30: OTROS EQUIPOS BIOMÉDICOS | D30: N/A | E30: N/A | F30: N/A | G30: N/A | H30: URGENCIAS ADULTOS | J30: buenos dias, en el servicio de obs hombres no deja registrar oxigenos, muchas gracisa | K30: Se revisa equipo y se encuentra en buenas condiciones funcionales. | L30: Victor Lopez | M30: 46086 | N30: ⚠ PTE POR CONFIRMAR | O30: 🟢 FUNCIONAL | P30: =M30-B30 -> 0 | Q30: 46086 | R30: =IF(Q30-B30<0,NOW()-B30,Q30-B30) -> 0 | S30: NO | T30: N/A | U30: =IF(R30=GENERALIDADES!$I$1,#REF!,"0") -> 0 | V30: NO | W30: N/A | X30: =IF(U30=GENERALIDADES!$K$3,T30,"0") -> 0 | Y30: NO PRESENTA DAÑO | Z30: NO | AC30: CERRADO | AD30: =M30-B30 -> 0 | AE30: =NETWORKDAYS(B30,Q30,) -> 1 | AF30: =IF(AND((NETWORKDAYS(B30,M30,)<=3),(NOT(ISBLANK(B30)))),TRUE(), FALSE()) -> TRUE
A31: 25829 | B31: 46086 | C31: FONENDOSCOPIO | D31: Adc | E31: ADSCOPE-LITE REF:609BK | F31: NA | G31: 573479 | H31: CUIDADO INTENSIVO PEDIÁTRICO | J31: buena tar de se solicita el favor de arreglar la oliva del fonendoscopio del cubiculo 3 de la uci pediatrica muchas gracias | K31: Se revisa equipo y se encuentra daño en oliva, se procede a realizar el cambio y se hacen pruebas funcionales, se retorna al servicio en buenas condiciones. | L31: Victor Lopez | M31: 46086 | N31: ⚠ PTE POR CONFIRMAR | O31: 🟢 FUNCIONAL | P31: =M31-B31 -> 0 | Q31: 46086 | R31: =IF(Q31-B31<0,NOW()-B31,Q31-B31) -> 0 | S31: NO | T31: N/A | U31: =IF(R31=GENERALIDADES!$I$1,#REF!,"0") -> 0 | V31: NO | W31: N/A | X31: =IF(U31=GENERALIDADES!$K$3,T31,"0") -> 0 | Y31: DESGASTE | Z31: NO | AC31: CERRADO | AD31: =M31-B31 -> 0 | AE31: =NETWORKDAYS(B31,Q31,) -> 1 | AF31: =IF(AND((NETWORKDAYS(B31,M31,)<=3),(NOT(ISBLANK(B31)))),TRUE(), FALSE()) -> TRUE
A32: 25839 | B32: 46086 | C32: MONITOR DE SIGNOS VITALES | D32: Draeger | E32: VISTA 120 S | F32: S2SNF4421 | G32: 573314 | H32: CUIDADO INTENSIVO NEONATAL | J32: favor revisar sensor de temperatura del monitor de la temperatura de la cama n.6 uci neonatos | K32: Se revisa equipo y se encuentra sensor de temperatura en mal estao, se procede a cambiar y se realizan pruebas funcionales. Equipo ok. | L32: Victor Lopez | M32: 46086 | N32: ⚠ PTE POR CONFIRMAR | O32: 🟢 FUNCIONAL | P32: =M32-B32 -> 0 | Q32: 46086 | R32: =IF(Q32-B32<0,NOW()-B32,Q32-B32) -> 0 | S32: NO | T32: N/A | U32: =IF(R32=GENERALIDADES!$I$1,#REF!,"0") -> 0 | V32: NO | W32: N/A | X32: =IF(U32=GENERALIDADES!$K$3,T32,"0") -> 0 | Y32: DESGASTE | Z32: NO | AC32: CERRADO | AD32: =M32-B32 -> 0 | AE32: =NETWORKDAYS(B32,Q32,) -> 1 | AF32: =IF(AND((NETWORKDAYS(B32,M32,)<=3),(NOT(ISBLANK(B32)))),TRUE(), FALSE()) -> TRUE
A33: 25845 | B33: 46087 | C33: MONITOR DE SIGNOS VITALES | G33: 572058 | H33: URGENCIAS ADULTOS | J33: buenos dias solicito soporte tecnico para el saturador del monitor de signos vitales de expansion hombres, muchas gracias | K33: =LOWER(Marzo_2026[[#This Row],[DESCRIPCIÓN DE DAÑO]]) -> buenos dias solicito soporte tecnico para el saturador del monitor de signos vitales de expansion hombres, muchas gracias | N33: ⚠ PTE POR CONFIRMAR | P33: =M33-B33 -> -46087 | R33: =IF(Q33-B33<0,NOW()-B33,Q33-B33) -> 27.649708 | U33: =IF(R33=GENERALIDADES!$I$1,#REF!,"0") -> 0 | X33: =IF(U33=GENERALIDADES!$K$3,T33,"0") -> 0 | AD33: =M33-B33 -> -46087 | AE33: =NETWORKDAYS(B33,Q33,) -> -32920 | AF33: =IF(AND((NETWORKDAYS(B33,M33,)<=3),(NOT(ISBLANK(B33)))),TRUE(), FALSE()) -> TRUE
A34: 25846 | B34: 46087 | C34: TERMOHIGRÓMETRO | D34: N/A | E34: N/A | F34: N/A | G34: N/A | H34: URGENCIAS ADULTOS | J34: buenos dias solicito soporte tecnico para el termometro de expansion hombres ya que no prende, muchas gracias | K34: Se revisa el equipo y se encuentra en buenas condiciones funcionales, se verifica estado de las baterías y el display, equipo ok. | L34: Leonardo Marín | M34: 46087 | N34: ⚠ PTE POR CONFIRMAR | O34: 🟢 FUNCIONAL | P34: =M34-B34 -> 0 | Q34: 46087 | R34: =IF(Q34-B34<0,NOW()-B34,Q34-B34) -> 0 | S34: NO | T34: N/A | U34: =IF(R34=GENERALIDADES!$I$1,#REF!,"0") -> 0 | V34: NO | W34: N/A | X34: =IF(U34=GENERALIDADES!$K$3,T34,"0") -> 0 | Y34: NO PRESENTA DAÑO | Z34: NO | AC34: CERRADO | AD34: =M34-B34 -> 0 | AE34: =NETWORKDAYS(B34,Q34,) -> 1 | AF34: =IF(AND((NETWORKDAYS(B34,M34,)<=3),(NOT(ISBLANK(B34)))),TRUE(), FALSE()) -> TRUE
A35: 25855 | B35: 46087 | C35: TENSIÓMETRO MANUAL | D35: Alpk2 | E35: NO DEFINIDO | F35: 136266 | G35: 548574 | H35: CONSULTA EXTERNA | J35: se solicita revisar tensiometro manual del consultorio 10 ya que se observa dañado consulta externa segundo piso de manera ugenteeee ya que se estamos en consulta muchas gracias | K35: Se revisa el equipo y se encuentra pera en mal estado, se procede a reparar y se realizan pruebas funcionales, se entrega al servicio en buenas condiciones. | L35: Victor Lopez | M35: 46087 | N35: ⚠ PTE POR CONFIRMAR | O35: 🟢 FUNCIONAL | P35: =M35-B35 -> 0 | Q35: 46087 | R35: =IF(Q35-B35<0,NOW()-B35,Q35-B35) -> 0 | S35: NO | T35: N/A | U35: =IF(R35=GENERALIDADES!$I$1,#REF!,"0") -> 0 | V35: NO | W35: N/A | X35: =IF(U35=GENERALIDADES!$K$3,T35,"0") -> 0 | Y35: DESAJUSTE | Z35: NO | AC35: CERRADO | AD35: =M35-B35 -> 0 | AE35: =NETWORKDAYS(B35,Q35,) -> 1 | AF35: =IF(AND((NETWORKDAYS(B35,M35,)<=3),(NOT(ISBLANK(B35)))),TRUE(), FALSE()) -> TRUE
A36: 25856 | B36: 46087 | C36: CAMA ELÉCTRICA | D36: Los Pinos | E36: 1060 BC | F36: 502383 | G36: 545499 | H36: CUIDADO INTENSIVO ADULTO | J36: buenos dias se reporta cama del cubiculo 15 no permite subir la cabecera. | K36: Se revisa cama y se encuentra daño en motor de cabecera, se procede a realizar el cambio del motor y se hacen pruebas funcionales, se entrega al servicio en buenas condiciones. | L36: Victor Lopez | M36: 46087 | N36: ⚠ PTE POR CONFIRMAR | O36: 🟢 FUNCIONAL | P36: =M36-B36 -> 0 | Q36: 46087 | R36: =IF(Q36-B36<0,NOW()-B36,Q36-B36) -> 0 | S36: NO | T36: N/A | U36: =IF(R36=GENERALIDADES!$I$1,#REF!,"0") -> 0 | V36: NO | W36: N/A | X36: =IF(U36=GENERALIDADES!$K$3,T36,"0") -> 0 | Y36: DESAJUSTE | Z36: NO | AC36: CERRADO | AD36: =M36-B36 -> 0 | AE36: =NETWORKDAYS(B36,Q36,) -> 1 | AF36: =IF(AND((NETWORKDAYS(B36,M36,)<=3),(NOT(ISBLANK(B36)))),TRUE(), FALSE()) -> TRUE
A37: 25861 | B37: 46087 | C37: MONITOR DE SIGNOS VITALES | D37: Edan | E37: M50 | F37: 333123-M14102120001 | G37: 545697 | H37: HOSPITALIZACIÓN ADULTO 4° PISO | J37: por favor cambiar brazalete de monitor de signos de activo fijo 545697 presenta fuga | K37: Se revisa equipo y se encuentra fuga en brazalete, no permite reparación, se procede a realizar el cambio y se entrega uno nuevo al servicio, se realizan pruebas funcionales. Equipo -ok | L37: Victor Lopez | M37: 46087 | N37: ⚠ PTE POR CONFIRMAR | O37: 🟢 FUNCIONAL | P37: =M37-B37 -> 0 | Q37: 46087 | R37: =IF(Q37-B37<0,NOW()-B37,Q37-B37) -> 0 | S37: NO | T37: N/A | U37: =IF(R37=GENERALIDADES!$I$1,#REF!,"0") -> 0 | V37: NO | W37: N/A | X37: =IF(U37=GENERALIDADES!$K$3,T37,"0") -> 0 | Y37: DESGASTE | Z37: SÍ | AA37: Se entrega brazalete 1 vía adulto nuevo al servicio | AC37: CERRADO | AD37: =M37-B37 -> 0 | AE37: =NETWORKDAYS(B37,Q37,) -> 1 | AF37: =IF(AND((NETWORKDAYS(B37,M37,)<=3),(NOT(ISBLANK(B37)))),TRUE(), FALSE()) -> TRUE
A38: 25863 | B38: 46087 | C38: MONITOR DE SIGNOS VITALES | D38: Edan | E38: iM70 | F38: 360080-M20909270003 | G38: 573330 | H38: HOSPITALIZACIÓN GINECO-OBSTETRICIA | I38: Sala de Partos | J38: buenos dias se monta soporte para pulso oximetro sala de partos con activo fijo 573330 | K38: Se revisa equipo y se encuentra daño en sensor de SPO2, no permite reparación, se procede a realizar el cambio y se entrega uno nuevo al servicio, se realizan pruebas funcionales. Equipo -ok | L38: Victor Lopez | M38: 46087 | N38: ⚠ PTE POR CONFIRMAR | O38: 🟢 FUNCIONAL | P38: =M38-B38 -> 0 | Q38: 46087 | R38: =IF(Q38-B38<0,NOW()-B38,Q38-B38) -> 0 | S38: NO | T38: N/A | U38: =IF(R38=GENERALIDADES!$I$1,#REF!,"0") -> 0 | V38: NO | W38: N/A | X38: =IF(U38=GENERALIDADES!$K$3,T38,"0") -> 0 | Y38: DESGASTE | Z38: SÍ | AA38: Se realiza entrega de sensor de SPO2 adulto nuevo al servicio con serie: FD202510280920416 | AC38: CERRADO | AD38: =M38-B38 -> 0 | AE38: =NETWORKDAYS(B38,Q38,) -> 1 | AF38: =IF(AND((NETWORKDAYS(B38,M38,)<=3),(NOT(ISBLANK(B38)))),TRUE(), FALSE()) -> TRUE
A39: 25865 | B39: 46087 | C39: MONITOR DE SIGNOS VITALES | D39: Edan | E39: M50 | F39: 333123-M13707020049-01 | G39: 545372 | H39: HOSPITALIZACIÓN ADULTO 4° PISO | J39: buenos días, se realiza revisión del monitor de signos vitales, efectuando el cambio del brazalete por uno nuevo con el código 24537. | K39: Se revisa equipo y se encuentra fuga en brazalete, no permite reparación, se procede a realizar el cambio y se entrega uno nuevo al servicio, se realizan pruebas funcionales. Equipo -ok | L39: Victor Lopez | M39: 46087 | N39: ⚠ PTE POR CONFIRMAR | O39: 🟢 FUNCIONAL | P39: =M39-B39 -> 0 | Q39: 46087 | R39: =IF(Q39-B39<0,NOW()-B39,Q39-B39) -> 0 | S39: NO | T39: N/A | U39: =IF(R39=GENERALIDADES!$I$1,#REF!,"0") -> 0 | V39: NO | W39: N/A | X39: =IF(U39=GENERALIDADES!$K$3,T39,"0") -> 0 | Y39: DESGASTE | Z39: SÍ | AA39: Se entrega brazalete 1 vía adulto nuevo al servicio | AC39: CERRADO | AD39: =M39-B39 -> 0 | AE39: =NETWORKDAYS(B39,Q39,) -> 1 | AF39: =IF(AND((NETWORKDAYS(B39,M39,)<=3),(NOT(ISBLANK(B39)))),TRUE(), FALSE()) -> TRUE
A40: 25867 | B40: 46087 | C40: MONITOR DE SIGNOS VITALES | D40: Edan | E40: M50 | F40: 333123-M13707020064-01 | G40: 545367 | H40: HOSPITALIZACIÓN ADULTO 5° PISO | J40: buenos dias, se solicita el favor de arreglo de oximetro de la estacion 2 del 5to piso, no funciona. | K40: Se revisa equipo y se encuentra daño en sensor de SPO2, no permite reparación, se procede a realizar el cambio del sensor y se entrega uno nuevo al servicio, se realizan pruebas funcionales. Equipo Ok | L40: Victor Lopez | M40: 46087 | N40: ⚠ PTE POR CONFIRMAR | O40: 🟢 FUNCIONAL | P40: =M40-B40 -> 0 | Q40: 46087 | R40: =IF(Q40-B40<0,NOW()-B40,Q40-B40) -> 0 | S40: NO | T40: N/A | U40: =IF(R40=GENERALIDADES!$I$1,#REF!,"0") -> 0 | V40: NO | W40: N/A | X40: =IF(U40=GENERALIDADES!$K$3,T40,"0") -> 0 | Y40: DESGASTE | Z40: SÍ | AA40: Se realiza entrega de sensor de SPO2 adulto nuevo al servicio con serie: FD202510280920499 | AC40: CERRADO | AD40: =M40-B40 -> 0 | AE40: =NETWORKDAYS(B40,Q40,) -> 1 | AF40: =IF(AND((NETWORKDAYS(B40,M40,)<=3),(NOT(ISBLANK(B40)))),TRUE(), FALSE()) -> TRUE
A41: 25868 | B41: 46087 | C41: MONITOR DE SIGNOS VITALES | D41: Edan | E41: M50 | F41: 333123-M13707020054-01 | G41: 545371 | H41: HOSPITALIZACIÓN ADULTO 5° PISO | J41: buenos dias, se solicita el favor de arreglo de oximetro de la estacion 3 del 5to piso, no funciona. | K41: Se revisa monitor y se encuentra sensor de SPO2 en buenas condiciones funcionales, se verifica accesorios y configuración, equipo ok. | L41: Victor Lopez | M41: 46087 | N41: ⚠ PTE POR CONFIRMAR | O41: 🟢 FUNCIONAL | P41: =M41-B41 -> 0 | Q41: 46087 | R41: =IF(Q41-B41<0,NOW()-B41,Q41-B41) -> 0 | S41: NO | T41: N/A | U41: =IF(R41=GENERALIDADES!$I$1,#REF!,"0") -> 0 | V41: NO | W41: N/A | X41: =IF(U41=GENERALIDADES!$K$3,T41,"0") -> 0 | Y41: NO PRESENTA DAÑO | Z41: NO | AC41: CERRADO | AD41: =M41-B41 -> 0 | AE41: =NETWORKDAYS(B41,Q41,) -> 1 | AF41: =IF(AND((NETWORKDAYS(B41,M41,)<=3),(NOT(ISBLANK(B41)))),TRUE(), FALSE()) -> TRUE
A42: 25871 | B42: 46087 | C42: MONITOR DE SIGNOS VITALES | D42: Mindray | E42: BENEVIEW T5 | F42: CM-5C147332 | G42: 549374 | H42: UNIDAD CRÍTICA OBSTÉTRICA | J42: por favor revisar termometro del monotor cama 6 | K42: Se revisa el equipo y se encuentra sensor de temperatura en mal estado, se procede a realizar el cambio del mismo y se entrega uno nuevo al servicio, se realizan pruebas funcionales. Equipo ok. | L42: Victor Lopez | M42: 46092 | N42: ⚠ PTE POR CONFIRMAR | O42: 🟢 FUNCIONAL | P42: =M42-B42 -> 5 | Q42: 46092 | R42: =IF(Q42-B42<0,NOW()-B42,Q42-B42) -> 5 | S42: NO | T42: N/A | U42: =IF(R42=GENERALIDADES!$I$1,#REF!,"0") -> 0 | V42: NO | W42: N/A | X42: =IF(U42=GENERALIDADES!$K$3,T42,"0") -> 0 | Y42: FALLA INTERNA | Z42: SÍ | AA42: Se realiza entrega de sensor de temperatura nuevo al servicio | AC42: CERRADO | AD42: =M42-B42 -> 5 | AE42: =NETWORKDAYS(B42,Q42,) -> 4 | AF42: =IF(AND((NETWORKDAYS(B42,M42,)<=3),(NOT(ISBLANK(B42)))),TRUE(), FALSE()) -> FALSE
A43: 25887 | B43: 46087 | C43: DESFIBRILADOR | D43: Philips | E43: HEARTSTART XL+ | F43: USD1203888 | G43: 545108 | H43: URGENCIAS ADULTOS | I43: Reanimación | J43: desfibrilador no imprime al momento de la monitorizacion y cardioversion del paciente,y aparte la puerta donde se almacena royo para ekg se encuentra dañada | K43: Se revisa equipo y se encuentra falla en batería, cable de ecg e impresora, ya está en proceso de adquisición, se cierra soporte ya que está duplicado. | L43: Victor Lopez | M43: 46087 | N43: ⚠ PTE POR CONFIRMAR | O43: 🟢 FUNCIONAL | P43: =M43-B43 -> 0 | Q43: 46087 | R43: =IF(Q43-B43<0,NOW()-B43,Q43-B43) -> 0 | S43: NO | T43: N/A | U43: =IF(R43=GENERALIDADES!$I$1,#REF!,"0") -> 0 | V43: NO | W43: N/A | X43: =IF(U43=GENERALIDADES!$K$3,T43,"0") -> 0 | Y43: DESGASTE | Z43: NO | AC43: CERRADO | AD43: =M43-B43 -> 0 | AE43: =NETWORKDAYS(B43,Q43,) -> 1 | AF43: =IF(AND((NETWORKDAYS(B43,M43,)<=3),(NOT(ISBLANK(B43)))),TRUE(), FALSE()) -> TRUE
A44: 25890 | B44: 46087 | C44: BOMBA DE INFUSIÓN | F44: 23056864 | H44: HOSPITALIZACIÓN PEDIATRÍA | J44: buen dia se solicita colaboracion para revisar bomba de unfusion ubicada en pediatria salas cuarto de equipos por mal funcionamiento. | K44: Se revisa equipo y se encuentra daño en mecanismo por el ingreso de líquidos, equipo fuera de servicio hasta reemplazo del mecanismo. | L44: Victor Lopez | M44: 46091 | N44: ⚙ TRABAJANDO | O44: 🔴 FUERA DE SERVICIO | P44: =M44-B44 -> 4 | Q44: 46091 | R44: =IF(Q44-B44<0,NOW()-B44,Q44-B44) -> 4 | S44: SI | T44: PARCIAL | U44: =IF(R44=GENERALIDADES!$I$1,#REF!,"0") -> 0 | V44: NO | W44: N/A | X44: =IF(U44=GENERALIDADES!$K$3,T44,"0") -> 0 | Y44: USO INADECUADO | Z44: NO | AC44: PENDIENTE | AD44: =M44-B44 -> 4 | AE44: =NETWORKDAYS(B44,Q44,) -> 3 | AF44: =IF(AND((NETWORKDAYS(B44,M44,)<=3),(NOT(ISBLANK(B44)))),TRUE(), FALSE()) -> TRUE
A45: 25891 | B45: 46088 | C45: BOMBA DE INFUSIÓN | F45: 21397368 | H45: HOSPITALIZACIÓN PEDIATRÍA | J45: se solicicta revision de bomba de infusion la cual dice aire distal negativo y bateria baja | K45: Se revisa equipo por parte del proveedor icu medical y se encuentra daño en puerta, se reemplaza, se reemplaza batería y sensores de presión. Se entrega al servicio en buenas condiciones. | L45: Victor Lopez | M45: 46092 | N45: ⚠ PTE POR CONFIRMAR | O45: 🟢 FUNCIONAL | P45: =M45-B45 -> 4 | Q45: 46092 | R45: =IF(Q45-B45<0,NOW()-B45,Q45-B45) -> 4 | S45: NO | T45: N/A | U45: =IF(R45=GENERALIDADES!$I$1,#REF!,"0") -> 0 | V45: NO | W45: N/A | X45: =IF(U45=GENERALIDADES!$K$3,T45,"0") -> 0 | Y45: USO INADECUADO | Z45: NO | AC45: CERRADO | AD45: =M45-B45 -> 4 | AE45: =NETWORKDAYS(B45,Q45,) -> 3 | AF45: =IF(AND((NETWORKDAYS(B45,M45,)<=3),(NOT(ISBLANK(B45)))),TRUE(), FALSE()) -> TRUE
A46: 25909 | B46: 46089 | C46: MONITOR DE SIGNOS VITALES | H46: CUIDADO INTENSIVO ADULTO | J46: pulsioximetro del monitor el cubiculo 26 dañado. | K46: Se revisa el equipo y se encuentra daño en sensor de SPO2 adulto, se procede a reparar el sensor y se realizan pruebas funcionales, equipo ok. | L46: Victor Lopez | M46: 46097 | N46: ⚠ PTE POR CONFIRMAR | O46: 🟢 FUNCIONAL | P46: =M46-B46 -> 8 | Q46: 46097 | R46: =IF(Q46-B46<0,NOW()-B46,Q46-B46) -> 8 | S46: NO | T46: N/A | U46: =IF(R46=GENERALIDADES!$I$1,#REF!,"0") -> 0 | V46: NO | W46: N/A | X46: =IF(U46=GENERALIDADES!$K$3,T46,"0") -> 0 | Y46: DESGASTE | Z46: SÍ | AA46: Se entrega sensor de SPO2 nuevo al servicio con número de serie; FD202510280920417 | AC46: CERRADO | AD46: =M46-B46 -> 8 | AE46: =NETWORKDAYS(B46,Q46,) -> 6 | AF46: =IF(AND((NETWORKDAYS(B46,M46,)<=3),(NOT(ISBLANK(B46)))),TRUE(), FALSE()) -> FALSE
A47: 25911 | B47: 46090 | C47: INCUBADORA | D47: Bng Medical | E47: EcoLa 3000 | F47: A0210518248N | G47: 572798 | H47: CUIDADO INTENSIVO NEONATAL | J47: cordial saludo, deseo informar sobre el fallo que aparece en el panel de la incubadora bng con activo fijo 572798 (fallo en sensor 3, temperatura de aire baja), muchas gracias por su colaboración y pronta respuesta. | K47: Se revisa equipo y se encuentra daño en módulo de temperatura, se procede a realizar el cambio del módulo y se realizan pruebas funcionales, se entrega al servicio en buenas condiciones. | L47: Victor Lopez | M47: 46090 | N47: ⚠ PTE POR CONFIRMAR | O47: 🟢 FUNCIONAL | P47: =M47-B47 -> 0 | Q47: 46090 | R47: =IF(Q47-B47<0,NOW()-B47,Q47-B47) -> 0 | S47: NO | T47: N/A | U47: =IF(R47=GENERALIDADES!$I$1,#REF!,"0") -> 0 | V47: NO | W47: N/A | X47: =IF(U47=GENERALIDADES!$K$3,T47,"0") -> 0 | Y47: FALLA INTERNA | Z47: NO | AC47: CERRADO | AD47: =M47-B47 -> 0 | AE47: =NETWORKDAYS(B47,Q47,) -> 1 | AF47: =IF(AND((NETWORKDAYS(B47,M47,)<=3),(NOT(ISBLANK(B47)))),TRUE(), FALSE()) -> TRUE
A48: 25915 | B48: 46090 | C48: CAMA ELÉCTRICA | D48: Los Pinos | E48: 740 S V.07 | F48: 500519 | G48: 545162 | H48: CUIDADO INTENSIVO PEDIÁTRICO | J48: cuna del cubiculo 5 de la uci pediatria no prende el control. | K48: Se revisa cama y se encuentra desajuste en fusible de alimentación de la caja de control, se realiza el ajuste y se hacen pruebas funcionales, se entrega al servicio en buenas condiciones. | L48: Victor Lopez | M48: 46090 | N48: ⚠ PTE POR CONFIRMAR | O48: 🟢 FUNCIONAL | P48: =M48-B48 -> 0 | Q48: 46090 | R48: =IF(Q48-B48<0,NOW()-B48,Q48-B48) -> 0 | S48: NO | T48: N/A | U48: =IF(R48=GENERALIDADES!$I$1,#REF!,"0") -> 0 | V48: NO | W48: N/A | X48: =IF(U48=GENERALIDADES!$K$3,T48,"0") -> 0 | Y48: FALLA INTERNA | Z48: NO | AC48: CERRADO | AD48: =M48-B48 -> 0 | AE48: =NETWORKDAYS(B48,Q48,) -> 1 | AF48: =IF(AND((NETWORKDAYS(B48,M48,)<=3),(NOT(ISBLANK(B48)))),TRUE(), FALSE()) -> TRUE
A49: 25919 | B49: 46090 | C49: NEVERA | D49: Fogel | E49: FRSTEL CC-7 | F49: NO DEFINIDO | G49: 573094 | H49: FARMACIA | J49: se solicita revision de la nevera del servicio farmaceutico debido a que esta soltando agua., la temperatura se observa | K49: Se revisa equipo y se encuentra taponamiento, se realiza corrección de falla en el desague y se hacen pruebas funcionales. Equipo Ok. | L49: David Ospina | M49: 46090 | N49: ⚠ PTE POR CONFIRMAR | O49: 🟢 FUNCIONAL | P49: 46090 | Q49: 9 | R49: =IF(Q49-B49<0,NOW()-B49,Q49-B49) -> 24.649708 | S49: NO | T49: N/A | U49: =IF(R49=GENERALIDADES!$I$1,#REF!,"0") -> 0 | V49: NO | W49: N/A | X49: =IF(U49=GENERALIDADES!$K$3,T49,"0") -> 0 | Y49: DESAJUSTE | Z49: NO | AC49: CERRADO | AD49: =M49-B49 -> 0 | AE49: =NETWORKDAYS(B49,Q49,) -> -32916 | AF49: =IF(AND((NETWORKDAYS(B49,M49,)<=3),(NOT(ISBLANK(B49)))),TRUE(), FALSE()) -> TRUE
A50: 25921 | B50: 46090 | C50: MONITOR DE SIGNOS VITALES | D50: Edan | E50: IM70 | F50: 33123-M15907420043-01 | G50: 572658 | H50: CUIDADO INTENSIVO ADULTO | J50: buenos dias se solicita por favor revision de monitor de transporte de la uci adultos ya que no cuenta con saturador, gracias. | K50: Se revisa el equipo y se encuentra daño en sensor de SPO2 adulto, no permite reparación, se procede a realizar el cambio y se entrega uno nuevo al servicio, se realizan pruebas funcionales, equipo ok. | L50: Victor Lopez | M50: 46097 | N50: ⚠ PTE POR CONFIRMAR | O50: 🟢 FUNCIONAL | P50: =M50-B50 -> 7 | Q50: 46097 | R50: =IF(Q50-B50<0,NOW()-B50,Q50-B50) -> 7 | S50: NO | T50: N/A | U50: =IF(R50=GENERALIDADES!$I$1,#REF!,"0") -> 0 | V50: NO | W50: N/A | X50: =IF(U50=GENERALIDADES!$K$3,T50,"0") -> 0 | Y50: DESGASTE | Z50: SÍ | AA50: Se entrega sensor de SPO2 nuevo al servicio con número de serie; FD202510280920417 | AC50: CERRADO | AD50: =M50-B50 -> 7 | AE50: =NETWORKDAYS(B50,Q50,) -> 6 | AF50: =IF(AND((NETWORKDAYS(B50,M50,)<=3),(NOT(ISBLANK(B50)))),TRUE(), FALSE()) -> FALSE
A51: 25930 | B51: 46090 | C51: CONGELADOR | D51: Harris | E51: HLT 23 VPF | F51: HLT23V30PFABA | G51: 543935 | H51: BANCO DE SANGRE | J51: hola, buen dia, se solicita amablemente la revision de la puerta de uno de los congeladores (#1) del area de neveras ya que este se evidencia la salida de un caucho el cual no cierra y por ende no congela | K51: Se revisa equipo y se encuentra desgaste en empaque principal de la puerta, se realiza el ajuste y el equipo queda en buenas condiciones funcionales, se recomienda cambio de empaque. | L51: David Ospina | M51: 46090 | N51: ⚠ PTE POR CONFIRMAR | O51: 🟢 FUNCIONAL | P51: 46090 | Q51: 9 | R51: =IF(Q51-B51<0,NOW()-B51,Q51-B51) -> 24.649708 | S51: NO | T51: N/A | U51: =IF(R51=GENERALIDADES!$I$1,#REF!,"0") -> 0 | V51: NO | W51: N/A | X51: =IF(U51=GENERALIDADES!$K$3,T51,"0") -> 0 | Y51: DESAJUSTE | Z51: NO | AC51: CERRADO | AD51: =M51-B51 -> 0 | AE51: =NETWORKDAYS(B51,Q51,) -> -32916 | AF51: =IF(AND((NETWORKDAYS(B51,M51,)<=3),(NOT(ISBLANK(B51)))),TRUE(), FALSE()) -> TRUE
A52: 25935 | B52: 46090 | C52: MONITOR DE SIGNOS VITALES | D52: Edan | E52: IM8 | F52: 360001/M19910220035 | G52: 573990 | H52: URGENCIAS PEDIATRÍA | J52: buenas tardes porfavor para hacerle mantenimiento al monitor de urgencias pediatria, gracias | K52: Se revisa el equipo y se encuentra en buenas condciones funcionales, se verifica estado de los accesorios y las configuraciones y se realizan pruebas funcionales, se retorna al servicio en buenas condiciones. | L52: Victor Lopez | M52: 46090 | N52: ⚠ PTE POR CONFIRMAR | O52: 🟢 FUNCIONAL | P52: =M52-B52 -> 0 | Q52: 46090 | R52: =IF(Q52-B52<0,NOW()-B52,Q52-B52) -> 0 | S52: NO | T52: N/A | U52: =IF(R52=GENERALIDADES!$I$1,#REF!,"0") -> 0 | V52: NO | W52: N/A | X52: =IF(U52=GENERALIDADES!$K$3,T52,"0") -> 0 | Y52: NO PRESENTA DAÑO | Z52: NO | AC52: CERRADO | AD52: =M52-B52 -> 0 | AE52: =NETWORKDAYS(B52,Q52,) -> 1 | AF52: =IF(AND((NETWORKDAYS(B52,M52,)<=3),(NOT(ISBLANK(B52)))),TRUE(), FALSE()) -> TRUE
A53: 25937 | B53: 46090 | C53: BOMBA DE INFUSIÓN | F53: 17950987 | H53: URGENCIAS ADULTOS | J53: buenas tardes solicito revision de bomba de infusion ubicada en pasillo consecutivo 17950987 presenta un mensaje de bateria agotada aun estado conectada a la luz gracias | K53: Se revisa equipo por parte del proveedor y se encuentra falla en batería, se procede a realizar el cambio y se hacen pruebas funcionales, se retorna al servicio en buenas condiciones. | L53: Victor Lopez | M53: 46092 | N53: ⚠ PTE POR CONFIRMAR | O53: 🟢 FUNCIONAL | P53: =M53-B53 -> 2 | Q53: 46092 | R53: =IF(Q53-B53<0,NOW()-B53,Q53-B53) -> 2 | S53: NO | T53: N/A | U53: =IF(R53=GENERALIDADES!$I$1,#REF!,"0") -> 0 | V53: NO | W53: N/A | X53: =IF(U53=GENERALIDADES!$K$3,T53,"0") -> 0 | Y53: FALLA INTERNA | Z53: NO | AC53: CERRADO | AD53: =M53-B53 -> 2 | AE53: =NETWORKDAYS(B53,Q53,) -> 3 | AF53: =IF(AND((NETWORKDAYS(B53,M53,)<=3),(NOT(ISBLANK(B53)))),TRUE(), FALSE()) -> TRUE
A54: 25957 | B54: 46091 | C54: FLUJÓMETRO | D54: N/A | E54: N/A | F54: N/A | G54: N/A | H54: URGENCIAS ADULTOS | J54: flujometro de sala de observacion hombres con fecha de calibracion 2025-10-10 ( m0971025) no funciona. | K54: Se revisa equipo y se encuentra desajuste en válvula reguladora, se procede a realizar el ajuste y se hacen pruebas funcionales, se entrega en buenas condiciones. | L54: Victor Lopez | M54: 46092 | N54: ⚠ PTE POR CONFIRMAR | O54: 🟢 FUNCIONAL | P54: =M54-B54 -> 1 | Q54: 46092 | R54: =IF(Q54-B54<0,NOW()-B54,Q54-B54) -> 1 | S54: NO | T54: N/A | U54: =IF(R54=GENERALIDADES!$I$1,#REF!,"0") -> 0 | V54: NO | W54: N/A | X54: =IF(U54=GENERALIDADES!$K$3,T54,"0") -> 0 | Y54: DESAJUSTE | Z54: NO | AC54: CERRADO | AD54: =M54-B54 -> 1 | AE54: =NETWORKDAYS(B54,Q54,) -> 2 | AF54: =IF(AND((NETWORKDAYS(B54,M54,)<=3),(NOT(ISBLANK(B54)))),TRUE(), FALSE()) -> TRUE
A55: 25958 | B55: 46091 | C55: MONITOR DE SIGNOS VITALES | D55: Edan | E55: iM70 | F55: 360080-M20912910010 | G55: 573327 | H55: CUIDADO INTENSIVO ADULTO | J55: no fiunciona tensiometro monitor cama 12 | K55: Se revisa el equipo y se enceuntra fuga en manguera de nibp, se procede a cortar la manguera para eliminar la fuga, se realizan pruebas funcionales y se deja en buenas condiciones en el servicio. | L55: Victor Lopez | M55: 46091 | N55: ⚠ PTE POR CONFIRMAR | O55: 🟢 FUNCIONAL | P55: =M55-B55 -> 0 | Q55: 46091 | R55: =IF(Q55-B55<0,NOW()-B55,Q55-B55) -> 0 | S55: NO | T55: N/A | U55: =IF(R55=GENERALIDADES!$I$1,#REF!,"0") -> 0 | V55: NO | W55: N/A | X55: =IF(U55=GENERALIDADES!$K$3,T55,"0") -> 0 | Y55: DESAJUSTE | Z55: NO | AC55: CERRADO | AD55: =M55-B55 -> 0 | AE55: =NETWORKDAYS(B55,Q55,) -> 1 | AF55: =IF(AND((NETWORKDAYS(B55,M55,)<=3),(NOT(ISBLANK(B55)))),TRUE(), FALSE()) -> TRUE
A56: 25971 | B56: 46091 | C56: MONITOR DE SIGNOS VITALES | D56: Edan | E56: iM70 | F56: 360080-M20912910010 | G56: 573327 | H56: CUIDADO INTERMEDIO ADULTO | J56: por medio de la presente se realiza solicitud para revisión del monitor de signos vitales del cubículo 12 de intermedios adultos dado que no censa presión arterial. | K56: Se revisa el equipo y se enceuntra fuga en manguera de nibp, se procede a cortar la manguera para eliminar la fuga, se realizan pruebas funcionales y se deja en buenas condiciones en el servicio. | L56: Victor Lopez | M56: 46091 | N56: ⚠ PTE POR CONFIRMAR | O56: 🟢 FUNCIONAL | P56: =M56-B56 -> 0 | Q56: 46091 | R56: =IF(Q56-B56<0,NOW()-B56,Q56-B56) -> 0 | S56: NO | T56: N/A | U56: =IF(R56=GENERALIDADES!$I$1,#REF!,"0") -> 0 | V56: NO | W56: N/A | X56: =IF(U56=GENERALIDADES!$K$3,T56,"0") -> 0 | Y56: DESAJUSTE | Z56: NO | AC56: CERRADO | AD56: =M56-B56 -> 0 | AE56: =NETWORKDAYS(B56,Q56,) -> 1 | AF56: =IF(AND((NETWORKDAYS(B56,M56,)<=3),(NOT(ISBLANK(B56)))),TRUE(), FALSE()) -> TRUE
A57: 25980 | B57: 46091 | C57: BOMBA DE INFUSIÓN | F57: 21397525 | H57: HOSPITALIZACIÓN QUIRÚRGICAS | J57: buenos dias se solicita revisar bomba de infusion estacion 2 de enfermeria tercer piso quirurgicas dice: no se reconoce cassette gracias | K57: Se revisa equipo por parte del proveedor icu medical y se realiza cambio de fluid shield, se realizan pruebas funcionales y se retorna al servicio en buenas condiciones. | L57: Victor Lopez | M57: 46099 | N57: ⚠ PTE POR CONFIRMAR | O57: 🟢 FUNCIONAL | P57: =M57-B57 -> 8 | Q57: 46099 | R57: =IF(Q57-B57<0,NOW()-B57,Q57-B57) -> 8 | S57: NO | T57: N/A | U57: =IF(R57=GENERALIDADES!$I$1,#REF!,"0") -> 0 | V57: NO | W57: N/A | X57: =IF(U57=GENERALIDADES!$K$3,T57,"0") -> 0 | Y57: FALLA INTERNA | Z57: NO | AC57: CERRADO | AD57: =M57-B57 -> 8 | AE57: =NETWORKDAYS(B57,Q57,) -> 7 | AF57: =IF(AND((NETWORKDAYS(B57,M57,)<=3),(NOT(ISBLANK(B57)))),TRUE(), FALSE()) -> FALSE
A58: 26022 | B58: 46092 | C58: MONITOR DE SIGNOS VITALES | D58: Mindray | E58: BENEVIEW T5 | F58: CM-3B134868 | G58: 545465 | H58: CUIDADO INTENSIVO ADULTO | J58: buenos dia se solicita por favor revision de censor de temperatura del cubiculo 25 de la uci adultos el cual se observa partido, queda en la estacion 2 de enfermeria, gracias. | K58: Se revisa equipo y se encuentra sensor de temperatura en mal estado, no permite reparación, se procede a realizar el cambio del mismo y se entrega uno nuevo al servicio, se realizan pruebas funcionales. Equipo Ok. | L58: Victor Lopez | M58: 46093 | N58: ⚠ PTE POR CONFIRMAR | O58: 🟢 FUNCIONAL | P58: =M58-B58 -> 1 | Q58: 46093 | R58: =IF(Q58-B58<0,NOW()-B58,Q58-B58) -> 1 | S58: NO | T58: N/A | U58: =IF(R58=GENERALIDADES!$I$1,#REF!,"0") -> 0 | V58: NO | W58: N/A | X58: =IF(U58=GENERALIDADES!$K$3,T58,"0") -> 0 | Y58: FALLA INTERNA | Z58: NO | AC58: CERRADO | AD58: =M58-B58 -> 1 | AE58: =NETWORKDAYS(B58,Q58,) -> 2 | AF58: =IF(AND((NETWORKDAYS(B58,M58,)<=3),(NOT(ISBLANK(B58)))),TRUE(), FALSE()) -> TRUE
A59: 26023 | B59: 46092 | C59: MONITOR DE SIGNOS VITALES | D59: Edan | E59: M50 | F59: 333123-M14102120051 | G59: 545695 | H59: HOSPITALIZACIÓN GINECO-OBSTETRICIA | J59: hola buen dia se reporta pulsoximetro de monitor de signos estacion 3 de ginecologia , esta soltandose de los borden por favor para revisarlo antes de que se dañe gracias | K59: Se revis aequipo y se encuentra carcasa del sensor de SPO2 en mal estado, se procede a cambiar la carcasa y se realizan pruebas funcionales. Equipo Ok. | L59: Victor Lopez | M59: 46092 | N59: ⚠ PTE POR CONFIRMAR | O59: 🟢 FUNCIONAL | P59: =M59-B59 -> 0 | Q59: 11 | R59: =IF(Q59-B59<0,NOW()-B59,Q59-B59) -> 22.649708 | S59: NO | T59: N/A | U59: =IF(R59=GENERALIDADES!$I$1,#REF!,"0") -> 0 | V59: NO | W59: N/A | X59: =IF(U59=GENERALIDADES!$K$3,T59,"0") -> 0 | Y59: DESAJUSTE | Z59: NO | AC59: CERRADO | AD59: =M59-B59 -> 0 | AE59: =NETWORKDAYS(B59,Q59,) -> -32916 | AF59: =IF(AND((NETWORKDAYS(B59,M59,)<=3),(NOT(ISBLANK(B59)))),TRUE(), FALSE()) -> TRUE
A60: 26027 | B60: 46092 | C60: TERMOHIGRÓMETRO | D60: N/A | E60: N/A | F60: N/A | G60: N/A | H60: QUIRÓFANO | I60: Sala #3 | J60: buenos dias se coloca soporte para arreglar urgente tergohigometro de la sala 3 del quirofano. muchas gracias | K60: Se revisa equipo y se encuentra desajuste en pantalla, por lo cuál no mostraba ningún número, se procede a realizar el ajuste correspondiente y se hacen pruebas funcionales, se retorna al servicio en buenas condiciones. | L60: Cristian Hurtado | M60: 46092 | N60: ⚠ PTE POR CONFIRMAR | O60: 🟢 FUNCIONAL | P60: =M60-B60 -> 0 | Q60: 46092 | R60: =IF(Q60-B60<0,NOW()-B60,Q60-B60) -> 0 | S60: NO | T60: N/A | U60: =IF(R60=GENERALIDADES!$I$1,#REF!,"0") -> 0 | V60: NO | W60: N/A | X60: =IF(U60=GENERALIDADES!$K$3,T60,"0") -> 0 | Y60: DESAJUSTE | Z60: NO | AC60: CERRADO | AD60: =M60-B60 -> 0 | AE60: =NETWORKDAYS(B60,Q60,) -> 1 | AF60: =IF(AND((NETWORKDAYS(B60,M60,)<=3),(NOT(ISBLANK(B60)))),TRUE(), FALSE()) -> TRUE
A61: 26028 | B61: 46092 | C61: MONITOR DE SIGNOS VITALES | D61: N/A | E61: N/A | F61: N/A | G61: N/A | H61: URGENCIAS ADULTOS | J61: solicito de toda su colaboración con la acomodación del monitor de urgencias pasillos el cual se encuentra mal instalado en el soporte lo que genera incomodidad, y riesgo ya que todas la auxiliares intentan acomodarlo | K61: Se revisa equipo y se encuentra desajuste en base soporte, se procede a realizar el ajuste mecánico correspondiente, se entrega en buenas condiciones. | L61: Victor Lopez | M61: 46092 | N61: ⚠ PTE POR CONFIRMAR | O61: 🟢 FUNCIONAL | P61: =M61-B61 -> 0 | Q61: 46092 | R61: =IF(Q61-B61<0,NOW()-B61,Q61-B61) -> 0 | S61: NO | T61: N/A | U61: =IF(R61=GENERALIDADES!$I$1,#REF!,"0") -> 0 | V61: NO | W61: N/A | X61: =IF(U61=GENERALIDADES!$K$3,T61,"0") -> 0 | Y61: NO PRESENTA DAÑO | Z61: NO | AC61: CERRADO | AD61: =M61-B61 -> 0 | AE61: =NETWORKDAYS(B61,Q61,) -> 1 | AF61: =IF(AND((NETWORKDAYS(B61,M61,)<=3),(NOT(ISBLANK(B61)))),TRUE(), FALSE()) -> TRUE
A62: 26031 | B62: 46092 | C62: MESA DE CIRUGÍA | D62: Benq | E62: DR MAX 7000S | F62: 2A295-W1-0005 | G62: 572148 | H62: QUIRÓFANO | J62: buenos dias se coloca soporte para arreglar mesa quirurgica benq botando aceite del quirofano. muchas gracias | K62: Se revisa equipo y se encuentra fuga en circuito hidráulico, aún sin identificar el sitio exacto, equipo se encuentra en taller de mantenimiento biomédico hasta su reparación, | L62: Victor Lopez | M62: 46092 | N62: ⚙ TRABAJANDO | O62: 🔴 FUERA DE SERVICIO | P62: =M62-B62 -> 0 | Q62: 46092 | R62: =IF(Q62-B62<0,NOW()-B62,Q62-B62) -> 0 | S62: SI | T62: PARCIAL | U62: =IF(R62=GENERALIDADES!$I$1,#REF!,"0") -> 0 | V62: NO | W62: SI | X62: =IF(U62=GENERALIDADES!$K$3,T62,"0") -> 0 | Y62: FALLA INTERNA | Z62: NO | AC62: PENDIENTE | AD62: =M62-B62 -> 0 | AE62: =NETWORKDAYS(B62,Q62,) -> 1 | AF62: =IF(AND((NETWORKDAYS(B62,M62,)<=3),(NOT(ISBLANK(B62)))),TRUE(), FALSE()) -> TRUE
A63: 26035 | B63: 46092 | C63: INCUBADORA | D63: Bng Medical | E63: EcoLa 3000 | F63: A0210518248N | G63: 572798 | H63: CUIDADO INTENSIVO NEONATAL | J63: favor revisar incubadora activo fijo n. 572798 ya que dice modulo de temperatura mal gracias | K63: Se revisa el equipo y se encuentra daño en módulo del sensor de temperatura, se procede a realizar el cambio de módulo y se hacen pruebas funcionales, se entrega en buenas condiciones al servicio | L63: Victor Lopez | M63: 46092 | N63: ⚠ PTE POR CONFIRMAR | O63: 🟢 FUNCIONAL | P63: =M63-B63 -> 0 | Q63: 46092 | R63: =IF(Q63-B63<0,NOW()-B63,Q63-B63) -> 0 | S63: NO | T63: N/A | U63: =IF(R63=GENERALIDADES!$I$1,#REF!,"0") -> 0 | V63: NO | W63: N/A | X63: =IF(U63=GENERALIDADES!$K$3,T63,"0") -> 0 | Y63: FALLA INTERNA | Z63: NO | AC63: CERRADO | AD63: =M63-B63 -> 0 | AE63: =NETWORKDAYS(B63,Q63,) -> 1 | AF63: =IF(AND((NETWORKDAYS(B63,M63,)<=3),(NOT(ISBLANK(B63)))),TRUE(), FALSE()) -> TRUE
A64: 26036 | B64: 46092 | C64: INCUBADORA | D64: Atom | E64: AIR INCU I 62060 | F64: 190800774 | G64: 574288 | H64: CUIDADO INTENSIVO NEONATAL | J64: favor revisar incubadora activo fijo n. 574288 para revisar alarma del ventilador | K64: Se revisa el equipo y se encuentra daño en motor del ventilador, se procede a realizar el cambio del motor y se hacen pruebas funcionales, se retorna al servicio en buenas condiciones. | L64: Victor Lopez | M64: 46092 | N64: ⚠ PTE POR CONFIRMAR | O64: 🟢 FUNCIONAL | P64: =M64-B64 -> 0 | Q64: 46092 | R64: =IF(Q64-B64<0,NOW()-B64,Q64-B64) -> 0 | S64: NO | T64: N/A | U64: =IF(R64=GENERALIDADES!$I$1,#REF!,"0") -> 0 | V64: NO | W64: N/A | X64: =IF(U64=GENERALIDADES!$K$3,T64,"0") -> 0 | Y64: FALLA INTERNA | Z64: NO | AC64: CERRADO | AD64: =M64-B64 -> 0 | AE64: =NETWORKDAYS(B64,Q64,) -> 1 | AF64: =IF(AND((NETWORKDAYS(B64,M64,)<=3),(NOT(ISBLANK(B64)))),TRUE(), FALSE()) -> TRUE
A65: 26049 | B65: 46092 | C65: MONITOR DE SIGNOS VITALES | D65: Mindray | E65: BENEVIEW T5 | F65: CM-42136410 | G65: 545782 | H65: UNIDAD CRÍTICA OBSTÉTRICA | J65: favor cambiar sensor de temperatura monitor activo fijo 545782 | K65: Se realiza revisión del equipo y se encuentra sensor de temperatura en malas condiciones, no permite reparación, se procede a cambiar y se entrega uno nuevo al servicio, se realizan pruebas funcionales, equipo OK. | L65: Victor Lopez | M65: 46092 | N65: ⚠ PTE POR CONFIRMAR | O65: 🟢 FUNCIONAL | P65: =M65-B65 -> 0 | Q65: 46092 | R65: =IF(Q65-B65<0,NOW()-B65,Q65-B65) -> 0 | S65: NO | T65: N/A | U65: =IF(R65=GENERALIDADES!$I$1,#REF!,"0") -> 0 | V65: NO | W65: N/A | X65: =IF(U65=GENERALIDADES!$K$3,T65,"0") -> 0 | Y65: FALLA INTERNA | Z65: SÍ | AA65: Se realiza entrega de sensor de temperatura nuevo al servicio | AC65: CERRADO | AD65: =M65-B65 -> 0 | AE65: =NETWORKDAYS(B65,Q65,) -> 1 | AF65: =IF(AND((NETWORKDAYS(B65,M65,)<=3),(NOT(ISBLANK(B65)))),TRUE(), FALSE()) -> TRUE
A66: 26057 | B66: 46092 | C66: MONITOR DE SIGNOS VITALES | D66: N/A | E66: N/A | F66: N/A | G66: N/A | H66: QUIRÓFANO | J66: revision o reparacion de oximetro gracias | K66: Se revisa el equipo y se encuentra daño en sensor de SPO2, no permite reparación, se procede a entregar sensor nuevo al servicio, se realizan pruebas funcionales, equipo OK. | L66: Cristian Hurtado | M66: 46093 | N66: ⚠ PTE POR CONFIRMAR | O66: 🟢 FUNCIONAL | P66: =M66-B66 -> 1 | Q66: 46093 | R66: =IF(Q66-B66<0,NOW()-B66,Q66-B66) -> 1 | S66: NO | T66: N/A | U66: =IF(R66=GENERALIDADES!$I$1,#REF!,"0") -> 0 | V66: NO | W66: N/A | X66: =IF(U66=GENERALIDADES!$K$3,T66,"0") -> 0 | Y66: DESGASTE | Z66: NO | AC66: CERRADO | AD66: =M66-B66 -> 1 | AE66: =NETWORKDAYS(B66,Q66,) -> 2 | AF66: =IF(AND((NETWORKDAYS(B66,M66,)<=3),(NOT(ISBLANK(B66)))),TRUE(), FALSE()) -> TRUE
A67: 26058 | B67: 46092 | C67: VENTILADOR MECÁNICO | H67: CUIDADO INTENSIVO ADULTO | J67: buenas tardes, por medio de la presente solicito la revisión del ventilador mecánico draguer s300 que se encuentra en el cubículo 29, presenta fallo con la monitorización y medición de pplat. al realizar la maniobra de pausa inspiratoria para la medicion de la pplat, el equipo no registra el valor esperado. gracias quedamos atentos ya que es de suma importancia este parametro. | K67: Se trata de retirar el equipo para ser revisado por el proveedor pero este se encuentra conectado a paciente al momento, se le informa al personal asistencial de terapia respiratoria que por favor avisen al momento en el que el equipo esté disponible para su revisión. | L67: Victor Lopez | M67: 46092 | N67: ⚙ TRABAJANDO | O67: 🟢 FUNCIONAL | P67: =M67-B67 -> 0 | Q67: 46092 | R67: =IF(Q67-B67<0,NOW()-B67,Q67-B67) -> 0 | S67: NO | T67: N/A | U67: =IF(R67=GENERALIDADES!$I$1,#REF!,"0") -> 0 | V67: NO | W67: N/A | X67: =IF(U67=GENERALIDADES!$K$3,T67,"0") -> 0 | Y67: FALLA INTERNA | Z67: NO | AC67: PENDIENTE | AD67: =M67-B67 -> 0 | AE67: =NETWORKDAYS(B67,Q67,) -> 1 | AF67: =IF(AND((NETWORKDAYS(B67,M67,)<=3),(NOT(ISBLANK(B67)))),TRUE(), FALSE()) -> TRUE
A68: 26063 | B68: 46092 | C68: MONITOR DE SIGNOS VITALES | D68: N/A | E68: N/A | F68: N/A | G68: N/A | H68: CUIDADO INTERMEDIO ADULTO | J68: por medio de la presente solicito cambio del brazalete del cubiculo 9 de intermedios adultos el cual se encuentra en deficientes condiciones de funcionamiento | K68: Se revisaequipo y se encuentra fuga en brazalete, no permite reparación, se procede a instalar brazalete nuevo y se hacen pruebas funcionales, equipo -ok. | L68: Victor Lopez | M68: 46093 | N68: ⚠ PTE POR CONFIRMAR | O68: 🟢 FUNCIONAL | P68: =M68-B68 -> 1 | Q68: 46093 | R68: =IF(Q68-B68<0,NOW()-B68,Q68-B68) -> 1 | S68: NO | T68: N/A | U68: =IF(R68=GENERALIDADES!$I$1,#REF!,"0") -> 0 | V68: NO | W68: N/A | X68: =IF(U68=GENERALIDADES!$K$3,T68,"0") -> 0 | Y68: DESGASTE | Z68: SÍ | AA68: Se emtrega brazalete 1 vía adulto nuevo al servicio | AC68: CERRADO | AD68: =M68-B68 -> 1 | AE68: =NETWORKDAYS(B68,Q68,) -> 2 | AF68: =IF(AND((NETWORKDAYS(B68,M68,)<=3),(NOT(ISBLANK(B68)))),TRUE(), FALSE()) -> TRUE
A69: 26067 | B69: 46092 | C69: MONITOR DE SIGNOS VITALES | D69: N/A | E69: N/A | F69: N/A | G69: N/A | H69: QUIRÓFANO | J69: buenas, por favor revisar pulsioxímetro ya que no esta funcionando, gracias. | K69: Se revisa el equipo y se encuentra daño en sensor de SPO2, no permite reparación, se procede a entregar sensor nuevo al servicio, se realizan pruebas funcionales, equipo OK. | L69: Cristian Hurtado | M69: 46093 | N69: ⚠ PTE POR CONFIRMAR | O69: 🟢 FUNCIONAL | P69: =M69-B69 -> 1 | Q69: 46093 | R69: =IF(Q69-B69<0,NOW()-B69,Q69-B69) -> 1 | S69: NO | T69: N/A | U69: =IF(R69=GENERALIDADES!$I$1,#REF!,"0") -> 0 | V69: NO | W69: N/A | X69: =IF(U69=GENERALIDADES!$K$3,T69,"0") -> 0 | Y69: DESGASTE | Z69: SÍ | AA69: Se entrega sensor de SPO2 Nuevo al servicio | AC69: CERRADO | AD69: =M69-B69 -> 1 | AE69: =NETWORKDAYS(B69,Q69,) -> 2 | AF69: =IF(AND((NETWORKDAYS(B69,M69,)<=3),(NOT(ISBLANK(B69)))),TRUE(), FALSE()) -> TRUE
A70: 26073 | B70: 46093 | C70: MONITOR DE SIGNOS VITALES | D70: Edan | E70: IM70 | F70: 360080-M20709360014 | G70: 572670 | H70: URGENCIAS ADULTOS | I70: Ambulancia | J70: se solicita amablemente realizar revision del saturador del monitor de la ambulancia medicalizada ove 421 el cual esta presentando fallas. | K70: Se revisa el equipo y se encuentra daño en sensor de SPO2, no permite reparación, se procede a entregar sensor nuevo al servicio, se realizan pruebas funcionales, equipo OK. | L70: Leonardo Marín | M70: 46093 | N70: ⚠ PTE POR CONFIRMAR | O70: 🟢 FUNCIONAL | P70: =M70-B70 -> 0 | Q70: 46093 | R70: =IF(Q70-B70<0,NOW()-B70,Q70-B70) -> 0 | S70: NO | T70: N/A | U70: =IF(R70=GENERALIDADES!$I$1,#REF!,"0") -> 0 | V70: NO | W70: N/A | X70: =IF(U70=GENERALIDADES!$K$3,T70,"0") -> 0 | Y70: DESGASTE | Z70: SÍ | AA70: Se entrega sensor de SPO2 Nuevo al servicio | AC70: CERRADO | AD70: =M70-B70 -> 0 | AE70: =NETWORKDAYS(B70,Q70,) -> 1 | AF70: =IF(AND((NETWORKDAYS(B70,M70,)<=3),(NOT(ISBLANK(B70)))),TRUE(), FALSE()) -> TRUE
A71: 26078 | B71: 46093 | C71: OTROS EQUIPOS BIOMÉDICOS | D71: N/A | E71: N/A | F71: N/A | G71: N/A | H71: HEMODIÁLISIS | J71: maquina ak98 de la unidad de hemodialisis numero 5 se encuentra con error al iniciar se le informa al ingeniero | K71: Se revisa llamado y se verifica visita correctiva por parte del proveedor, equipo en buenas condiciones funcionales. | L71: Victor Lopez | M71: 46094 | N71: ⚠ PTE POR CONFIRMAR | O71: 🟢 FUNCIONAL | P71: =M71-B71 -> 1 | Q71: 46094 | R71: =IF(Q71-B71<0,NOW()-B71,Q71-B71) -> 1 | S71: NO | T71: N/A | U71: =IF(R71=GENERALIDADES!$I$1,#REF!,"0") -> 0 | V71: NO | W71: N/A | X71: =IF(U71=GENERALIDADES!$K$3,T71,"0") -> 0 | Y71: FALLA INTERNA | Z71: NO | AC71: CERRADO | AD71: =M71-B71 -> 1 | AE71: =NETWORKDAYS(B71,Q71,) -> 2 | AF71: =IF(AND((NETWORKDAYS(B71,M71,)<=3),(NOT(ISBLANK(B71)))),TRUE(), FALSE()) -> TRUE
A72: 26101 | B72: 46093 | C72: MONITOR DE SIGNOS VITALES | D72: Mindray | E72: BENEVIEW T5 | F72: CM-3B134857 | G72: 545483 | H72: CUIDADO INTENSIVO ADULTO | I72: Cubículo #37 | J72: se solicita revisar pulso/oximetro del cubiculonro 37 activo fijo 545483 | K72: Se revisa equipo y se encuentra daño en sensor de SPO2, no permite reparación, se procede a realizar el cambio y se entrega uno nuevo al servicio. equipo Ok. | L72: Victor Lopez | M72: 46093 | N72: ⚠ PTE POR CONFIRMAR | O72: 🟢 FUNCIONAL | P72: =M72-B72 -> 0 | Q72: 46093 | R72: =IF(Q72-B72<0,NOW()-B72,Q72-B72) -> 0 | S72: NO | T72: N/A | U72: =IF(R72=GENERALIDADES!$I$1,#REF!,"0") -> 0 | V72: NO | W72: N/A | X72: =IF(U72=GENERALIDADES!$K$3,T72,"0") -> 0 | Y72: USO INADECUADO | Z72: SÍ | AA72: Se entrega sensor de SPO2 adulto nuevo al servicio con SN:FD202510280930174 | AC72: CERRADO | AD72: =M72-B72 -> 0 | AE72: =NETWORKDAYS(B72,Q72,) -> 1 | AF72: =IF(AND((NETWORKDAYS(B72,M72,)<=3),(NOT(ISBLANK(B72)))),TRUE(), FALSE()) -> TRUE
A73: 26102 | B73: 46093 | C73: MONITOR DE SIGNOS VITALES | D73: Mindray | E73: BENEVIEW T5 | F73: CM-3B134862 | G73: 545470 | H73: CUIDADO INTENSIVO ADULTO | J73: favor cambiar cable de ekg monitor sinos vitales cama # 21 | K73: Se revisa equipo y se encuentra daño en cable de ecg, no permite reparación, se procede a realizar el cambio del cable y se entrega uno nuevo al servicio, se realizan pruebas funcionales, equipo Ok. | L73: Victor Lopez | M73: 46093 | N73: ⚠ PTE POR CONFIRMAR | O73: 🟢 FUNCIONAL | P73: =M73-B73 -> 0 | Q73: 46093 | R73: =IF(Q73-B73<0,NOW()-B73,Q73-B73) -> 0 | S73: NO | T73: N/A | U73: =IF(R73=GENERALIDADES!$I$1,#REF!,"0") -> 0 | V73: NO | W73: N/A | X73: =IF(U73=GENERALIDADES!$K$3,T73,"0") -> 0 | Y73: FALLA INTERNA | Z73: SÍ | AA73: Se entrega cable de ECG de 5 derivadas nuevo al servicio. | AC73: CERRADO | AD73: =M73-B73 -> 0 | AE73: =NETWORKDAYS(B73,Q73,) -> 1 | AF73: =IF(AND((NETWORKDAYS(B73,M73,)<=3),(NOT(ISBLANK(B73)))),TRUE(), FALSE()) -> TRUE
A74: 26112 | B74: 46094 | C74: MONITOR DE SIGNOS VITALES | D74: Edan | E74: IM8 | F74: 360001/M19910220036 | G74: 549963 | H74: HOSPITALIZACIÓN ADULTOS EXPANSIÓN 3° PISO | J74: buenos dias favor revisar el pulsioximetro de hematologia tercer piso que se encuentra fallando. muchas gracias. | K74: Se revisa equipo y se encuentra daño en sensor de SPO2, no permite reparación, se procede a realizar el cambio del sensor y se hacen pruebas funcionales, se retorna al servicio en buenas condiciones. | L74: Victor Lopez | M74: 46094 | N74: ⚠ PTE POR CONFIRMAR | O74: 🟢 FUNCIONAL | P74: =M74-B74 -> 0 | Q74: 46094 | R74: =IF(Q74-B74<0,NOW()-B74,Q74-B74) -> 0 | S74: NO | T74: N/A | U74: =IF(R74=GENERALIDADES!$I$1,#REF!,"0") -> 0 | V74: NO | W74: N/A | X74: =IF(U74=GENERALIDADES!$K$3,T74,"0") -> 0 | Y74: DESGASTE | Z74: NO | AC74: CERRADO | AD74: =M74-B74 -> 0 | AE74: =NETWORKDAYS(B74,Q74,) -> 1 | AF74: =IF(AND((NETWORKDAYS(B74,M74,)<=3),(NOT(ISBLANK(B74)))),TRUE(), FALSE()) -> TRUE
A75: 26114 | B75: 46094 | C75: MONITOR DE SIGNOS VITALES | D75: Edan | E75: IM8 | F75: 360001/M19910220036 | G75: 549963 | H75: HOSPITALIZACIÓN ADULTO 5° PISO | J75: buenos dia, se solicita el favor de revisión de monitor de la estación 2 del 5to piso, no esta funcionando. | K75: Se revisa equipo y se encuentra daño en sensor de SPO2, no permite reparación, así como daño en brazalete adulto 1 vía, se procede a realizar el cambio de ambos elementos y se entregan nuevos al servicio, se realizan pruebas funcionales. Equipo Ok. | L75: Victor Lopez | M75: 46094 | N75: ⚠ PTE POR CONFIRMAR | O75: 🟢 FUNCIONAL | P75: =M75-B75 -> 0 | Q75: 46094 | R75: =IF(Q75-B75<0,NOW()-B75,Q75-B75) -> 0 | S75: NO | T75: N/A | U75: =IF(R75=GENERALIDADES!$I$1,#REF!,"0") -> 0 | V75: NO | W75: N/A | X75: =IF(U75=GENERALIDADES!$K$3,T75,"0") -> 0 | Y75: DESGASTE | Z75: SÍ | AA75: Se realiza entrega de 1 brazalete adulto 1 vía nuevo así como 1 sensor de SPO2 nuevo con número de serie FD202510280920425 | AC75: CERRADO | AD75: =M75-B75 -> 0 | AE75: =NETWORKDAYS(B75,Q75,) -> 1 | AF75: =IF(AND((NETWORKDAYS(B75,M75,)<=3),(NOT(ISBLANK(B75)))),TRUE(), FALSE()) -> TRUE
A76: 26130 | B76: 46094 | C76: MONITOR DE SIGNOS VITALES | D76: Edan | E76: IM8 | F76: 360001/M19910220009 | G76: 573991 | H76: HOSPITALIZACIÓN ADULTO 5° PISO | J76: buenas tardes, se solicita el favor de arreglo de agarradera de monitor de signos de la estacion 1 del 5to piso, se despego, esta en la coordinacion de medicina interna. | K76: Se revisa equipo y se encuentra daño en agarre del mismo, no afecta en su funcionamiento, pendiente reparación del soporte. | L76: Victor Lopez | M76: 46097 | N76: ⚠ PTE POR CONFIRMAR | O76: 🟢 FUNCIONAL | P76: =M76-B76 -> 3 | Q76: 46097 | R76: =IF(Q76-B76<0,NOW()-B76,Q76-B76) -> 3 | S76: NO | T76: N/A | U76: =IF(R76=GENERALIDADES!$I$1,#REF!,"0") -> 0 | V76: NO | W76: N/A | X76: =IF(U76=GENERALIDADES!$K$3,T76,"0") -> 0 | Y76: DESAJUSTE | Z76: NO | AC76: CERRADO | AD76: =M76-B76 -> 3 | AE76: =NETWORKDAYS(B76,Q76,) -> 2 | AF76: =IF(AND((NETWORKDAYS(B76,M76,)<=3),(NOT(ISBLANK(B76)))),TRUE(), FALSE()) -> TRUE
A77: 26131 | B77: 46094 | C77: ELECTROCARDIÓGRAFO | D77: Edan | E77: SE-3 | F77: 309025-M12B03200011 | G77: 545054 | H77: HOSPITALIZACIÓN ADULTO 5° PISO | J77: buenas tardes, se solicita el favor de arreglo del electro del 5to piso, no funciona. | K77: Se revisa equipo y se hacen pruebas funcionales con simulador de paciente, el equipo se encuentra en buenas condciones. Equipo Ok. | L77: Victor Lopez | M77: 46097 | N77: ⚠ PTE POR CONFIRMAR | O77: 🟢 FUNCIONAL | P77: =M77-B77 -> 3 | Q77: 46097 | R77: =IF(Q77-B77<0,NOW()-B77,Q77-B77) -> 3 | S77: NO | T77: N/A | U77: =IF(R77=GENERALIDADES!$I$1,#REF!,"0") -> 0 | V77: NO | W77: N/A | X77: =IF(U77=GENERALIDADES!$K$3,T77,"0") -> 0 | Y77: NO PRESENTA DAÑO | Z77: NO | AC77: CERRADO | AD77: =M77-B77 -> 3 | AE77: =NETWORKDAYS(B77,Q77,) -> 2 | AF77: =IF(AND((NETWORKDAYS(B77,M77,)<=3),(NOT(ISBLANK(B77)))),TRUE(), FALSE()) -> TRUE
A78: 26137 | B78: 46094 | C78: OTROS EQUIPOS BIOMÉDICOS | H78: LABORATORIO CLÍNICO | J78: cronometro no enciende. | K78: Se revisa el equipo y se encuentra daño en tarjeta electrónica principal, no permite reparación, se recomienda dar de baja. | L78: Victor Lopez | M78: 46097 | N78: ⚠ PTE POR CONFIRMAR | O78: 🔴 FUERA DE SERVICIO | P78: =M78-B78 -> 3 | Q78: 46097 | R78: =IF(Q78-B78<0,NOW()-B78,Q78-B78) -> 3 | S78: SI | T78: TOTAL | U78: =IF(R78=GENERALIDADES!$I$1,#REF!,"0") -> 0 | V78: NO | W78: N/A | X78: =IF(U78=GENERALIDADES!$K$3,T78,"0") -> 0 | Y78: FALLA INTERNA | Z78: NO | AC78: CERRADO | AD78: =M78-B78 -> 3 | AE78: =NETWORKDAYS(B78,Q78,) -> 2 | AF78: =IF(AND((NETWORKDAYS(B78,M78,)<=3),(NOT(ISBLANK(B78)))),TRUE(), FALSE()) -> TRUE
A79: 26143 | B79: 46095 | C79: BOMBA DE INFUSIÓN | F79: 17950900 | H79: HOSPITALIZACIÓN ADULTO 4° PISO | J79: bomba de infusion cuando enciende se queda en blanco | K79: Se revisa equipo y se encuentra pantalla en blanco, queda en taller de mantenimiento biomédico a la espera de ser revisado por el proveedor icu medical. | L79: Victor Lopez | M79: 46097 | N79: ⚙ TRABAJANDO | O79: 🔴 FUERA DE SERVICIO | P79: =M79-B79 -> 2 | Q79: 46097 | R79: =IF(Q79-B79<0,NOW()-B79,Q79-B79) -> 2 | S79: NO | T79: N/A | U79: =IF(R79=GENERALIDADES!$I$1,#REF!,"0") -> 0 | V79: NO | W79: N/A | X79: =IF(U79=GENERALIDADES!$K$3,T79,"0") -> 0 | Y79: FALLA INTERNA | Z79: NO | AC79: PENDIENTE VISITA PROVEEDOR | AD79: =M79-B79 -> 2 | AE79: =NETWORKDAYS(B79,Q79,) -> 1 | AF79: =IF(AND((NETWORKDAYS(B79,M79,)<=3),(NOT(ISBLANK(B79)))),TRUE(), FALSE()) -> TRUE
A80: 26144 | B80: 46095 | C80: MONITOR DE SIGNOS VITALES | D80: N/A | E80: N/A | F80: N/A | G80: N/A | H80: HOSPITALIZACIÓN ADULTO 4° PISO | J80: monitor de signos vitales no funciona el oximetro | K80: Se revisa equipo y se encuentra en buenas condiciones funcionales, se verifica estado de los accesorios y configuración, equipo ok. | L80: Victor Lopez | M80: 46095 | N80: ⚠ PTE POR CONFIRMAR | O80: 🟢 FUNCIONAL | P80: =M80-B80 -> 0 | Q80: 46095 | R80: =IF(Q80-B80<0,NOW()-B80,Q80-B80) -> 0 | S80: NO | T80: N/A | U80: =IF(R80=GENERALIDADES!$I$1,#REF!,"0") -> 0 | V80: NO | W80: N/A | X80: =IF(U80=GENERALIDADES!$K$3,T80,"0") -> 0 | Y80: NO PRESENTA DAÑO | Z80: NO | AC80: CERRADO | AD80: =M80-B80 -> 0 | AE80: =NETWORKDAYS(B80,Q80,) -> 0 | AF80: =IF(AND((NETWORKDAYS(B80,M80,)<=3),(NOT(ISBLANK(B80)))),TRUE(), FALSE()) -> TRUE
A81: 26148 | B81: 46095 | C81: MONITOR DE SIGNOS VITALES | D81: Mindray | E81: BENEVIEW T5 | F81: CM-3B134861 | G81: 545481 | H81: CUIDADO INTENSIVO ADULTO | J81: el termometro del monitor de signos vitales del cubiculo 27 de la uci adultos y del cubiculo 26 de la uci adultos | K81: Se revisa equipo y se encuentra daño en sensor de temperatura del equipo, no permite reparación, se procede a entregar sensor de temperatura nuevo al servicio y se realizan pruebas funcionales. equipo Ok | L81: Victor Lopez | M81: 46097 | N81: ⚠ PTE POR CONFIRMAR | O81: 🟢 FUNCIONAL | P81: =M81-B81 -> 2 | Q81: 46097 | R81: =IF(Q81-B81<0,NOW()-B81,Q81-B81) -> 2 | S81: NO | T81: N/A | U81: =IF(R81=GENERALIDADES!$I$1,#REF!,"0") -> 0 | V81: NO | W81: N/A | X81: =IF(U81=GENERALIDADES!$K$3,T81,"0") -> 0 | Y81: DESGASTE | Z81: SÍ | AA81: Se entrega sensor de temperatura nuevo al servicio | AC81: CERRADO | AD81: =M81-B81 -> 2 | AE81: =NETWORKDAYS(B81,Q81,) -> 1 | AF81: =IF(AND((NETWORKDAYS(B81,M81,)<=3),(NOT(ISBLANK(B81)))),TRUE(), FALSE()) -> TRUE
A82: 26149 | B82: 46096 | C82: MONITOR DE SIGNOS VITALES | G82: 572688 | H82: CUIDADO INTERMEDIO ADULTO | J82: caucho del brazalete de cubiculo 206 de intermedios adultos se encuentra dañado | K82: Se revisa equipo y se encuentra daño en brazalete, no permite reparación, se entrega brazalete nuevo al servicio y se hacen pruebas funcionales, equipo ok. | L82: Victor Lopez | M82: 46097 | N82: ⚠ PTE POR CONFIRMAR | O82: 🟢 FUNCIONAL | P82: =M82-B82 -> 1 | Q82: 46097 | R82: =IF(Q82-B82<0,NOW()-B82,Q82-B82) -> 1 | S82: NO | T82: N/A | U82: =IF(R82=GENERALIDADES!$I$1,#REF!,"0") -> 0 | V82: NO | W82: N/A | X82: =IF(U82=GENERALIDADES!$K$3,T82,"0") -> 0 | Y82: DESGASTE | Z82: SÍ | AA82: Se entrega brazalete 1 vía adulto nuevo al servicio | AC82: CERRADO | AD82: =M82-B82 -> 1 | AE82: =NETWORKDAYS(B82,Q82,) -> 1 | AF82: =IF(AND((NETWORKDAYS(B82,M82,)<=3),(NOT(ISBLANK(B82)))),TRUE(), FALSE()) -> TRUE
A83: 26152 | B83: 46096 | C83: ELECTROCARDIÓGRAFO | D83: Edan | E83: SE-601C | F83: 360251-M19A03670005 | G83: 573993 | H83: URGENCIAS ADULTOS | J83: buenos dias, favor cambiar una chupa del ekg que no tiene el tornillito, muchas gracias | K83: Se revisa el equipo y se encuentra en buenas condiciones funcionales, se verifica el estado de los accesorios y se hacen pruebas funcionales. equipo Ok. | L83: Victor Lopez | M83: 46097 | N83: ⚠ PTE POR CONFIRMAR | O83: 🟢 FUNCIONAL | P83: =M83-B83 -> 1 | Q83: 46097 | R83: =IF(Q83-B83<0,NOW()-B83,Q83-B83) -> 1 | S83: NO | T83: N/A | U83: =IF(R83=GENERALIDADES!$I$1,#REF!,"0") -> 0 | V83: NO | W83: N/A | X83: =IF(U83=GENERALIDADES!$K$3,T83,"0") -> 0 | Y83: NO PRESENTA DAÑO | Z83: NO | AC83: CERRADO | AD83: =M83-B83 -> 1 | AE83: =NETWORKDAYS(B83,Q83,) -> 1 | AF83: =IF(AND((NETWORKDAYS(B83,M83,)<=3),(NOT(ISBLANK(B83)))),TRUE(), FALSE()) -> TRUE
A84: 26161 | B84: 46096 | C84: NEVERA | D84: Supernordico | E84: NO DEFINIDO | F84: 14-E0386 | G84: 546082 | H84: HOSPITALIZACIÓN ADULTO 4° PISO | J84: buena noche, por la cual se solicita revicion de nevera de cuarto de medicacmento estacion 1 medicina interna, de manera prioritaria, por presentar alteraciones en la temperatura lo que genera perdida de cadena de frio y consecuencias desfavorables. muchas gracias. | K84: Se revisa equipo y se encuentra falla por obstrucción de sistema de la unidad por una bolsa plástica, se procede a retirar la bolsa y se hacen pruebas funcionales, equipo en buenas condiciones. | L84: David Ospina | M84: 46097 | N84: ⚠ PTE POR CONFIRMAR | O84: 🟢 FUNCIONAL | P84: =M84-B84 -> 1 | Q84: 46097 | R84: =IF(Q84-B84<0,NOW()-B84,Q84-B84) -> 1 | S84: NO | T84: N/A | U84: =IF(R84=GENERALIDADES!$I$1,#REF!,"0") -> 0 | V84: NO | W84: N/A | X84: =IF(U84=GENERALIDADES!$K$3,T84,"0") -> 0 | Y84: USO INADECUADO | Z84: NO | AC84: CERRADO | AD84: =M84-B84 -> 1 | AE84: =NETWORKDAYS(B84,Q84,) -> 1 | AF84: =IF(AND((NETWORKDAYS(B84,M84,)<=3),(NOT(ISBLANK(B84)))),TRUE(), FALSE()) -> TRUE
A85: 26165 | B85: 46097 | C85: VENTILADOR MECÁNICO | F85: 0316 | H85: CUIDADO INTENSIVO NEONATAL | J85: ventilador drager #2 con mando rotatorio suelto | K85: Se revisa equipo y se encuentra daño en soporte del mando giratorio, requiere reparación de carcasa, se baja al taller de mantenimiento biomédico para ser reparado, a la espera de reconstrucción de piezas fracturadas. | L85: Camilo Ramirez | M85: 46097 | N85: ⚙ TRABAJANDO | O85: 🔴 FUERA DE SERVICIO | P85: =M85-B85 -> 0 | Q85: 46097 | R85: =IF(Q85-B85<0,NOW()-B85,Q85-B85) -> 0 | S85: NO | T85: N/A | U85: =IF(R85=GENERALIDADES!$I$1,#REF!,"0") -> 0 | V85: NO | W85: N/A | X85: =IF(U85=GENERALIDADES!$K$3,T85,"0") -> 0 | Y85: DESAJUSTE | Z85: NO | AC85: PENDIENTE | AD85: =M85-B85 -> 0 | AE85: =NETWORKDAYS(B85,Q85,) -> 1 | AF85: =IF(AND((NETWORKDAYS(B85,M85,)<=3),(NOT(ISBLANK(B85)))),TRUE(), FALSE()) -> TRUE
A86: 26195 | B86: 46097 | C86: DESFIBRILADOR | D86: Nihon Kohden | E86: TEC-5631E | F86: 01778 | G86: 574610 | H86: CONSULTA EXTERNA | I86: Gastroenterología | J86: cordial saludo solicito su amable colaboración con el desfibrilador de gastroenterología, el cual se encuentra ubicado en el 1 piso de consulta externa área de gastroenterología. | K86: Se revisa el equipo y se encuentra en buenas condiciones funcionales, se realiza test de funcionamiento completo y se le dan recomendaciones al personal asistencial. equipo ok. | L86: Leonardo Marín | M86: 46097 | N86: ⚠ PTE POR CONFIRMAR | O86: 🟢 FUNCIONAL | P86: =M86-B86 -> 0 | Q86: 46097 | R86: =IF(Q86-B86<0,NOW()-B86,Q86-B86) -> 0 | S86: NO | T86: N/A | U86: =IF(R86=GENERALIDADES!$I$1,#REF!,"0") -> 0 | V86: NO | W86: N/A | X86: =IF(U86=GENERALIDADES!$K$3,T86,"0") -> 0 | Y86: USO INADECUADO | Z86: NO | AC86: CERRADO | AD86: =M86-B86 -> 0 | AE86: =NETWORKDAYS(B86,Q86,) -> 1 | AF86: =IF(AND((NETWORKDAYS(B86,M86,)<=3),(NOT(ISBLANK(B86)))),TRUE(), FALSE()) -> TRUE
A87: 26196 | B87: 46097 | C87: MONITOR DE SIGNOS VITALES | D87: Edan | E87: IM70 | F87: 360080-M20912910028 | G87: 572683 | H87: CUIDADO INTERMEDIO ADULTO | J87: favor colocar oximetro para monitor de transporte con # de activo fijo 572683. | K87: Se revisa el equipo y se encuentra daño en sensor de SPO2 adulto, no permite reparación, se procede a realizar el cambio y se entrega uno nuevo al servicio, se realizan pruebas funcionales, equipo ok. | L87: Victor Lopez | M87: 46097 | N87: ⚠ PTE POR CONFIRMAR | O87: 🟢 FUNCIONAL | P87: =M87-B87 -> 0 | Q87: 46097 | R87: =IF(Q87-B87<0,NOW()-B87,Q87-B87) -> 0 | S87: NO | T87: N/A | U87: =IF(R87=GENERALIDADES!$I$1,#REF!,"0") -> 0 | V87: NO | W87: N/A | X87: =IF(U87=GENERALIDADES!$K$3,T87,"0") -> 0 | Y87: DESGASTE | Z87: SÍ | AA87: Se entrega sensor de SPO2 nuevo al servicio con número de serie; FD202510280920405 | AC87: CERRADO | AD87: =M87-B87 -> 0 | AE87: =NETWORKDAYS(B87,Q87,) -> 1 | AF87: =IF(AND((NETWORKDAYS(B87,M87,)<=3),(NOT(ISBLANK(B87)))),TRUE(), FALSE()) -> TRUE
A88: 26197 | B88: 46097 | C88: AUTOCLAVE | D88: Stericlinic | E88: STE500 | F88: 221119-STE500-400L2P-N0005 | G88: SIN IDENTIFICAR | H88: CENTRAL DE ESTERILIZACIÓN | J88: buenas tardes. la autoclave stericlinic se apagó y o ha vuelto a encender. requiere revision. mil gracias | K88: Se revisa el equipo y este presenta fallas en su funcionamiento debido a que se está disparando la protección del circuito eléctrico debido a una subida de corriente al parecer provocada por el mal funcionamiento de su resistencia principal, se procede a informar al proveedor del equipo para programar su visita y revisión. equipo temporalmente fuera de servicio. | L88: Victor Lopez | M88: 46097 | N88: ⚙ TRABAJANDO | O88: 🔴 FUERA DE SERVICIO | P88: =M88-B88 -> 0 | Q88: 46097 | R88: 1 | S88: SI | T88: PARCIAL | U88: =IF(R88=GENERALIDADES!$I$1,#REF!,"0") -> 0 | V88: NO | W88: N/A | X88: =IF(U88=GENERALIDADES!$K$3,T88,"0") -> 0 | Y88: FALLA INTERNA | Z88: NO | AC88: PENDIENTE VISITA PROVEEDOR | AD88: =M88-B88 -> 0 | AE88: =NETWORKDAYS(B88,Q88,) -> 1 | AF88: =IF(AND((NETWORKDAYS(B88,M88,)<=3),(NOT(ISBLANK(B88)))),TRUE(), FALSE()) -> TRUE
A89: 26200 | B89: 46097 | C89: FLUJÓMETRO | D89: N/A | E89: N/A | F89: N/A | G89: N/A | H89: HOSPITALIZACIÓN QUIRÚRGICAS | J89: por favor revisar flujometros de quirurgicas se encuentran en un cajon de la estacion 1 son 4 ver si funcionan o si no darles de baja mil gracias | K89: Se revisan equipos y se encuentran en buenas condiciones funcionales, se realiza chequeo de fugas. Equipos ok. | L89: Victor Lopez | M89: 46098 | N89: ⚠ PTE POR CONFIRMAR | O89: 🟢 FUNCIONAL | P89: =M89-B89 -> 1 | Q89: 46098 | R89: =IF(Q89-B89<0,NOW()-B89,Q89-B89) -> 1 | S89: NO | T89: N/A | U89: =IF(R89=GENERALIDADES!$I$1,#REF!,"0") -> 0 | V89: NO | W89: N/A | X89: =IF(U89=GENERALIDADES!$K$3,T89,"0") -> 0 | Y89: FALLA INTERNA | Z89: NO | AC89: CERRADO | AD89: =M89-B89 -> 1 | AE89: =NETWORKDAYS(B89,Q89,) -> 2 | AF89: =IF(AND((NETWORKDAYS(B89,M89,)<=3),(NOT(ISBLANK(B89)))),TRUE(), FALSE()) -> TRUE
A90: 26201 | B90: 46097 | C90: ELECTROCARDIÓGRAFO | D90: Comen | E90: H3 | F90: H3230209044 | G90: 572072 | H90: UNIDAD CRÍTICA OBSTÉTRICA | J90: buen dia, problemas con electrocardiograma de la uci obstetrica, al momento de utilizarlo lo imprime el trazado del paciente. | K90: Se revisa el equipo y se encuentra en buenas condiciones funcionales, se verifica el estado de los accesorios, configuración e impresora y se entrega en buenas condiciones funcionales al servicio. | L90: Victor Lopez | M90: 46097 | N90: ⚠ PTE POR CONFIRMAR | O90: 🟢 FUNCIONAL | P90: =M90-B90 -> 0 | Q90: 46097 | R90: =IF(Q90-B90<0,NOW()-B90,Q90-B90) -> 0 | S90: NO | T90: N/A | U90: =IF(R90=GENERALIDADES!$I$1,#REF!,"0") -> 0 | V90: NO | W90: N/A | X90: =IF(U90=GENERALIDADES!$K$3,T90,"0") -> 0 | Y90: NO PRESENTA DAÑO | Z90: NO | AC90: CERRADO | AD90: =M90-B90 -> 0 | AE90: =NETWORKDAYS(B90,Q90,) -> 1 | AF90: =IF(AND((NETWORKDAYS(B90,M90,)<=3),(NOT(ISBLANK(B90)))),TRUE(), FALSE()) -> TRUE
A91: 26202 | B91: 46097 | C91: GLUCÓMETRO | H91: URGENCIAS ADULTOS | J91: buenas tardes, por favor revisar glucometro de consultorio de urgencias adultos ya que no prende, por favor urgente, muchas gracias. | K91: =LOWER(Marzo_2026[[#This Row],[DESCRIPCIÓN DE DAÑO]]) -> buenas tardes, por favor revisar glucometro de consultorio de urgencias adultos ya que no prende, por favor urgente, muchas gracias. | N91: ⚠ PTE POR CONFIRMAR | P91: =M91-B91 -> -46097 | R91: =IF(Q91-B91<0,NOW()-B91,Q91-B91) -> 17.649708 | U91: =IF(R91=GENERALIDADES!$I$1,#REF!,"0") -> 0 | X91: =IF(U91=GENERALIDADES!$K$3,T91,"0") -> 0 | AD91: =M91-B91 -> -46097 | AE91: =NETWORKDAYS(B91,Q91,) -> -32926 | AF91: =IF(AND((NETWORKDAYS(B91,M91,)<=3),(NOT(ISBLANK(B91)))),TRUE(), FALSE()) -> TRUE
A92: 26204 | B92: 46097 | C92: MONITOR DE SIGNOS VITALES | D92: N/A | E92: N/A | F92: N/A | G92: N/A | H92: QUIRÓFANO | J92: solicito de su colaboracion para la revision del oximetro que no toma bien la saturacion de oxigeno la toma erradamemnte. | K92: Se revisa el sensor y se encuentra en mal estado, no permite reparación, se procede a realizar el cambio y se entrega uno nuevo al servicio, se realizan pruebas funcionales, equipo Ok. | L92: Leonardo Marín | M92: 46098 | N92: ⚠ PTE POR CONFIRMAR | O92: 🟢 FUNCIONAL | P92: =M92-B92 -> 1 | Q92: 46098 | R92: =IF(Q92-B92<0,NOW()-B92,Q92-B92) -> 1 | S92: NO | T92: N/A | U92: =IF(R92=GENERALIDADES!$I$1,#REF!,"0") -> 0 | V92: NO | W92: N/A | X92: =IF(U92=GENERALIDADES!$K$3,T92,"0") -> 0 | Y92: DESGASTE | Z92: SÍ | AA92: Se realiza entrega de sensor de SPO2 adulto nuevo al servicio con número de serie: FD202510280920403 | AC92: CERRADO | AD92: =M92-B92 -> 1 | AE92: =NETWORKDAYS(B92,Q92,) -> 2 | AF92: =IF(AND((NETWORKDAYS(B92,M92,)<=3),(NOT(ISBLANK(B92)))),TRUE(), FALSE()) -> TRUE
A93: 26207 | B93: 46098 | C93: MONITOR DE SIGNOS VITALES | D93: Mindray | E93: BENEVIEW T5 | F93: CM-42136402 | G93: 545783 | H93: CUIDADO INTERMEDIO ADULTO | J93: latiguillos del cubiculo 205 de intermedios adultos arrojan frecuencia cardiaca alterada, sin coherencia con pulso oximetro ni condicion clinica del paciente | K93: Se verifica estado del equipo y se encuentra en buenas condiciones funcionales, se revisa configuración y estado de los accesorios, se hacen recomendaciones al personal asistencial. | L93: Victor Lopez | M93: 46099 | N93: ⚠ PTE POR CONFIRMAR | O93: 🟢 FUNCIONAL | P93: =M93-B93 -> 1 | Q93: 46099 | R93: =IF(Q93-B93<0,NOW()-B93,Q93-B93) -> 1 | S93: NO | T93: N/A | U93: =IF(R93=GENERALIDADES!$I$1,#REF!,"0") -> 0 | V93: NO | W93: N/A | X93: =IF(U93=GENERALIDADES!$K$3,T93,"0") -> 0 | Y93: NO PRESENTA DAÑO | Z93: NO | AC93: CERRADO | AD93: =M93-B93 -> 1 | AE93: =NETWORKDAYS(B93,Q93,) -> 2 | AF93: =IF(AND((NETWORKDAYS(B93,M93,)<=3),(NOT(ISBLANK(B93)))),TRUE(), FALSE()) -> TRUE
A94: 26232 | B94: 46098 | C94: MONITOR DE SIGNOS VITALES | D94: N/A | E94: N/A | F94: N/A | G94: N/A | H94: HOSPITALIZACIÓN ADULTOS EXPANSIÓN 2° PISO | J94: buenos dias se solicita favor cambiar el brazalete del monitor de signos vitales del segundo piso torre nueva que se encuentra fallando. muchas gracias. | K94: Se revisa el equipo y se encuentra daño en brazalete, no permite reparación, se procede a realizar el cambio del brazalete y se entrega uno nuevo al servicio, se realizan pruebas funcionales. Equipo Ok. | L94: Cristian Hurtado | M94: 46098 | N94: ⚠ PTE POR CONFIRMAR | O94: 🟢 FUNCIONAL | P94: =M94-B94 -> 0 | Q94: 46098 | R94: =IF(Q94-B94<0,NOW()-B94,Q94-B94) -> 0 | S94: NO | T94: N/A | U94: =IF(R94=GENERALIDADES!$I$1,#REF!,"0") -> 0 | V94: NO | W94: N/A | X94: =IF(U94=GENERALIDADES!$K$3,T94,"0") -> 0 | Y94: DESGASTE | Z94: SÍ | AA94: Se entrega brazalete 1 vía adulto nuevo al servicio | AC94: CERRADO | AD94: =M94-B94 -> 0 | AE94: =NETWORKDAYS(B94,Q94,) -> 1 | AF94: =IF(AND((NETWORKDAYS(B94,M94,)<=3),(NOT(ISBLANK(B94)))),TRUE(), FALSE()) -> TRUE
A95: 26253 | B95: 46099 | C95: CAMA ELÉCTRICA | D95: Los Pinos | E95: 1060 BC | F95: 502382 | G95: 545498 | H95: CUIDADO INTERMEDIO ADULTO | J95: panel electrico de la cama cubiculo 13 no funciona. | K95: Se revisa el equipo y se encuentra en buenas condiciones funcionales, se verifica estado del panel lateral y motores, ajuste mecánico y pruebas funcionales. Equipo Ok. | L95: Victor Lopez | M95: 46099 | N95: ⚠ PTE POR CONFIRMAR | O95: 🟢 FUNCIONAL | P95: =M95-B95 -> 0 | Q95: 46099 | R95: =IF(Q95-B95<0,NOW()-B95,Q95-B95) -> 0 | S95: NO | T95: N/A | U95: =IF(R95=GENERALIDADES!$I$1,#REF!,"0") -> 0 | V95: NO | W95: N/A | X95: =IF(U95=GENERALIDADES!$K$3,T95,"0") -> 0 | Y95: NO PRESENTA DAÑO | Z95: NO | AC95: CERRADO | AD95: =M95-B95 -> 0 | AE95: =NETWORKDAYS(B95,Q95,) -> 1 | AF95: =IF(AND((NETWORKDAYS(B95,M95,)<=3),(NOT(ISBLANK(B95)))),TRUE(), FALSE()) -> TRUE
A96: 26255 | B96: 46099 | C96: INCUBADORA | D96: Bng Medical | E96: EcoLa 3000 | F96: A0201518246N | G96: 572792 | H96: CUIDADO INTENSIVO NEONATAL | J96: se pone soporte para pared de incubadora con activo fijo numero 572792 que se encuentra fracturada.... | K96: Se revisa equipo y se encuentra fractura en soportes de pared interna, se proceden a reparar y se realizan pruebas funcionales. equipo ok. | L96: Victor Lopez | M96: 46099 | N96: ⚠ PTE POR CONFIRMAR | O96: 🟢 FUNCIONAL | P96: =M96-B96 -> 0 | Q96: 46099 | R96: =IF(Q96-B96<0,NOW()-B96,Q96-B96) -> 0 | S96: NO | T96: N/A | U96: =IF(R96=GENERALIDADES!$I$1,#REF!,"0") -> 0 | V96: NO | W96: N/A | X96: =IF(U96=GENERALIDADES!$K$3,T96,"0") -> 0 | Y96: DESGASTE | Z96: NO | AC96: CERRADO | AD96: =M96-B96 -> 0 | AE96: =NETWORKDAYS(B96,Q96,) -> 1 | AF96: =IF(AND((NETWORKDAYS(B96,M96,)<=3),(NOT(ISBLANK(B96)))),TRUE(), FALSE()) -> TRUE
A97: 26264 | B97: 46099 | C97: MONITOR DE SIGNOS VITALES | D97: Edan | E97: M80 | F97: 332278-M14102020026-02 | G97: 545622 | H97: HOSPITALIZACIÓN PEDIATRÍA | J97: buenos dias. solictamos el arreglo del monitor de signos del servico de salas de pediatria, ya que al conectar el saturador no monitoriza. quedamos atentos a su pronta respuesta. gracias. | K97: Se revisa equipo y se encuentra daño en sensor pediátrico tipo Y, se inicia proceso de adquisición, a la espera de entrega. | L97: Victor Lopez | M97: 46099 | N97: ⚙ TRABAJANDO | O97: 🟢 FUNCIONAL | P97: =M97-B97 -> 0 | Q97: 46099 | R97: =IF(Q97-B97<0,NOW()-B97,Q97-B97) -> 0 | S97: NO | T97: N/A | U97: =IF(R97=GENERALIDADES!$I$1,#REF!,"0") -> 0 | V97: NO | W97: N | X97: =IF(U97=GENERALIDADES!$K$3,T97,"0") -> 0 | Y97: FALTA DE CONSUMIBLE | Z97: NO | AC97: PENDIENTE | AD97: =M97-B97 -> 0 | AE97: =NETWORKDAYS(B97,Q97,) -> 1 | AF97: =IF(AND((NETWORKDAYS(B97,M97,)<=3),(NOT(ISBLANK(B97)))),TRUE(), FALSE()) -> TRUE
A98: 26269 | B98: 46099 | C98: OTROS EQUIPOS BIOMÉDICOS | D98: N/A | E98: N/A | F98: N/A | G98: N/A | H98: CUIDADO INTENSIVO PEDIÁTRICO | J98: se solicita brazaletes de las siguientes referencias 6 und pequeño (s): 18 - 22 cm. 6 und mediano (m/estándar): 22 - 32 cm. 3 und grande (l): 32 - 42 cm. 1 und extragrande (xl): 42 - 52 cm | K98: Se realiza entrega brazalete de diferentes tamaños al servicio en buenas condiciones y nuevos. | L98: Victor Lopez | M98: 46106 | N98: ⚠ PTE POR CONFIRMAR | O98: 🟢 FUNCIONAL | P98: =M98-B98 -> 7 | Q98: 46106 | R98: =IF(Q98-B98<0,NOW()-B98,Q98-B98) -> 7 | S98: NO | T98: N/A | U98: =IF(R98=GENERALIDADES!$I$1,#REF!,"0") -> 0 | V98: NO | W98: N | X98: =IF(U98=GENERALIDADES!$K$3,T98,"0") -> 0 | Y98: FALTA DE CONSUMIBLE | Z98: SÍ | AA98: Se entregan brazaletes pediátricos diferentes tamaños al servicio nuevos | AC98: CERRADO | AD98: =M98-B98 -> 7 | AE98: =NETWORKDAYS(B98,Q98,) -> 6 | AF98: =IF(AND((NETWORKDAYS(B98,M98,)<=3),(NOT(ISBLANK(B98)))),TRUE(), FALSE()) -> FALSE
A99: 26275 | B99: 46099 | C99: MONITOR DE SIGNOS VITALES | D99: N/A | E99: N/A | F99: N/A | G99: N/A | H99: HOSPITALIZACIÓN GINECO-OBSTETRICIA | I99: Sala de Partos | J99: buenas tardes, s e monta soporte para tensiometro de sala de partos | K99: Se revisa equipos y se encuentran en buenas condiciones de funcionamiento, se verifican brazaletes y se verifican fugas. | L99: Victor Lopez | M99: 46101 | N99: ⚠ PTE POR CONFIRMAR | O99: 🟢 FUNCIONAL | P99: =M99-B99 -> 2 | Q99: 46101 | R99: =IF(Q99-B99<0,NOW()-B99,Q99-B99) -> 2 | S99: NO | T99: N/A | U99: =IF(R99=GENERALIDADES!$I$1,#REF!,"0") -> 0 | V99: NO | W99: N/A | X99: =IF(U99=GENERALIDADES!$K$3,T99,"0") -> 0 | Y99: NO PRESENTA DAÑO | Z99: NO | AC99: CERRADO | AD99: =M99-B99 -> 2 | AE99: =NETWORKDAYS(B99,Q99,) -> 3 | AF99: =IF(AND((NETWORKDAYS(B99,M99,)<=3),(NOT(ISBLANK(B99)))),TRUE(), FALSE()) -> TRUE
A100: 26291 | B100: 46100 | C100: OTROS EQUIPOS BIOMÉDICOS | D100: N/A | E100: N/A | F100: N/A | G100: N/A | H100: QUIRÓFANO | J100: por favor revisar bipolar ya que esta dañado, gracias. | K100: Se revisa equipo y se encuentra daño en pedal, se procede a retirar el pedal del servicio y se inicia proceso de adquisición, a la espera de repuesto | L100: Victor Lopez | M100: 46100 | N100: ⚙ TRABAJANDO | O100: 🟡 EN ESPERA DE REPUESTO | P100: =M100-B100 -> 0 | Q100: 46100 | R100: =IF(Q100-B100<0,NOW()-B100,Q100-B100) -> 0 | S100: NO | T100: N/A | U100: =IF(R100=GENERALIDADES!$I$1,#REF!,"0") -> 0 | V100: NO | W100: N/A | X100: =IF(U100=GENERALIDADES!$K$3,T100,"0") -> 0 | Y100: FALTA DE CONSUMIBLE | Z100: NO | AC100: CERRADO | AD100: =M100-B100 -> 0 | AE100: =NETWORKDAYS(B100,Q100,) -> 1 | AF100: =IF(AND((NETWORKDAYS(B100,M100,)<=3),(NOT(ISBLANK(B100)))),TRUE(), FALSE()) -> TRUE
...
